-- phpMyAdmin SQL Dump
-- version 4.7.9
-- https://www.phpmyadmin.net/
--
-- Host: 127.0.0.1
-- Generation Time: Oct 30, 2018 at 06:24 AM
-- Server version: 10.1.31-MariaDB
-- PHP Version: 7.2.3

SET SQL_MODE = "NO_AUTO_VALUE_ON_ZERO";
SET AUTOCOMMIT = 0;
START TRANSACTION;
SET time_zone = "+00:00";


/*!40101 SET @OLD_CHARACTER_SET_CLIENT=@@CHARACTER_SET_CLIENT */;
/*!40101 SET @OLD_CHARACTER_SET_RESULTS=@@CHARACTER_SET_RESULTS */;
/*!40101 SET @OLD_COLLATION_CONNECTION=@@COLLATION_CONNECTION */;
/*!40101 SET NAMES utf8mb4 */;

--
-- Database: `thietbi`
--

-- --------------------------------------------------------

--
-- Table structure for table `chitietdonhang`
--

CREATE TABLE `chitietdonhang` (
  `id` int(11) NOT NULL,
  `madonhang` int(11) NOT NULL,
  `masanpham` int(11) NOT NULL,
  `tensanpham` varchar(10000) NOT NULL,
  `giasanpham` int(11) NOT NULL,
  `soluongsanpham` int(11) NOT NULL
) ENGINE=InnoDB DEFAULT CHARSET=utf8;

--
-- Dumping data for table `chitietdonhang`
--

INSERT INTO `chitietdonhang` (`id`, `madonhang`, `masanpham`, `tensanpham`, `giasanpham`, `soluongsanpham`) VALUES
(1, 1, 52, 'Pin sạc dự phòng Polymer 10000mAh Sony CP-V10B-WC LA\r\n', 1980000, 2),
(2, 1, 44, 'Máy tính bảng Samsung Galaxy Tab A6 7.0\"', 6580000, 2),
(3, 2, 42, 'Laptop Dell Inspiron 7373 i5', 80070000, 3),
(4, 3, 41, 'Laptop Dell Inspiron 5379 i7', 73470000, 3),
(5, 3, 40, 'Laptop Dell Inspiron 7570 i5', 45980000, 2);

-- --------------------------------------------------------

--
-- Table structure for table `donhang`
--

CREATE TABLE `donhang` (
  `madonhang` int(11) NOT NULL,
  `sno` int(11) NOT NULL,
  `tenkhachhang` varchar(200) NOT NULL,
  `diachi` varchar(200) NOT NULL,
  `sodienthoai` int(11) NOT NULL,
  `email` varchar(200) NOT NULL,
  `ngaydat` varchar(200) NOT NULL,
  `yeucau` varchar(500) NOT NULL
) ENGINE=InnoDB DEFAULT CHARSET=utf8;

--
-- Dumping data for table `donhang`
--

INSERT INTO `donhang` (`madonhang`, `sno`, `tenkhachhang`, `diachi`, `sodienthoai`, `email`, `ngaydat`, `yeucau`) VALUES
(1, 1, 'admin', 'hcm', 0, 'admin@yahoo.com', '30-10-2018 11:24:07', ''),
(2, 7, 'ty', 'hg', 0, 'ty@yahoo.com', '30-10-2018 11:59:16', ''),
(3, 7, 'ty', 'quận 3', 19008198, 'ty@yahoo.com', '30-10-2018 12:00:49', 'nô');

-- --------------------------------------------------------

--
-- Table structure for table `loaisanpham`
--

CREATE TABLE `loaisanpham` (
  `maloaisanpham` int(11) NOT NULL,
  `tenloaisanpham` varchar(200) NOT NULL,
  `hinhanhloaisanpham` varchar(200) NOT NULL
) ENGINE=InnoDB DEFAULT CHARSET=utf8;

--
-- Dumping data for table `loaisanpham`
--

INSERT INTO `loaisanpham` (`maloaisanpham`, `tenloaisanpham`, `hinhanhloaisanpham`) VALUES
(1, 'Điện thoại', 'https://cdn.tgdd.vn/Products/Images/42/167150/nokia-61-plus-2-600x600.jpg'),
(2, 'Laptop', 'https://cdn.tgdd.vn/Products/Images/44/160296/acer-aspire-e5-476-i3-8130u-nxgwtsv002-ava-600x600.jpg'),
(3, 'Tablet', 'https://cdn.tgdd.vn/Products/Images/522/184380/samsung-galaxy-tab-a-105-inch-chitietblue-400x460.png'),
(4, 'Phụ Kiện', 'https://cdn.tgdd.vn/Products/Images/57/145557/pin-sac-du-phong-10000mah-esaver-la-y325s-anh-dai-dien-600x600.jpg');

-- --------------------------------------------------------

--
-- Table structure for table `sanpham`
--

CREATE TABLE `sanpham` (
  `masanpham` int(11) NOT NULL,
  `tensanpham` varchar(200) NOT NULL,
  `giasanpham` int(15) NOT NULL,
  `hinhanhsanpham` varchar(200) NOT NULL,
  `motasanpham` varchar(10000) NOT NULL,
  `maloaisanpham` int(11) DEFAULT NULL
) ENGINE=InnoDB DEFAULT CHARSET=utf8;

--
-- Dumping data for table `sanpham`
--

INSERT INTO `sanpham` (`masanpham`, `tensanpham`, `giasanpham`, `hinhanhsanpham`, `motasanpham`, `maloaisanpham`) VALUES
(1, 'Điện thoại Samsung E1200', 350000, 'https://cdn.tgdd.vn/Products/Images/42/56352/samsung-e1200-hh-600x600.jpg', 'Samsung E1200 là chiếc điện thoại nghe gọi bán chạy nhất của hãng Samsung với kiểu dáng nhỏ gọn và tiện ích cho người dùng.\r\nThiết kế mặt lưng đẹp mắt, nhỏ gọn\r\nChỉ là chiếc điện thoại Samsung bàn phím giá rẻ nhưng hãng cũng khá chăm chút ngoại hình cho máy, máy được làm bo cong tạo sự thon gọn, mặt lưng có các họa tiết kẻ ngang bóng nổi bật\r\nCác tiện ích cơ bản\r\n- Một mẹo nhỏ cho bạn khi mua máy mới, bạn hãy gắn sim vào và gọi số 900 (miễn phí) để kiểm tra âm thanh có to, rõ vừa ý của bạn chưa.\r\nMột nhược điểm nhỏ của máy chính là các cổng kết nối của máy phải sử dụng theo riêng bộ của hãng, jack sạc và tai nghe đều dùng chuẩn riêng, bạn hãy giữ cẩn thận để tránh bị hư hỏng\r\n\r\nVới mức giá mà mọi người đều có thể dễ dàng sở hữu chiếc điện thoại Samsung E1200 với các tiện ích căn bản nhất.', 1),
(2, 'Điện thoại Samsung Galaxy J2 Prime', 2290000, 'https://cdn.tgdd.vn/Products/Images/42/88573/samsung-galaxy-j2-prime-1-400x460.png', 'Samsung tiếp tục trình làng mẫu smartphone giá rẻ mới với tên gọi Samsung Galaxy J2 Prime mang nhiều cải tiến đáng giá như kết nối 4G.\r\nThiết kế nhỏ gọn\r\nĐiện thoại Samsung dòng J giá rẻ sở hữu thiết kế mỏng gọn cùng các đường bo góc khiến chiếc điện thoại này vừa vặn trong lòng bàn tay, cho phép bạn cầm giữ một cách dễ dàng và thoải mái.\r\nMàn hình hiển thị tốt\r\nMáy sử dụng công nghệ màn hình PLS với kích thước 5 inch cho chất lượng hiển thị tốt.\r\nCấu hình tầm trung\r\nGalaxy J2 Prime chạy hệ điều hành Android 6.0 (Marshmallow), sử dụng vi xử lý MTK 6737, RAM dung lượng 1.5 GB.\r\n\r\nCấu hình của máy chỉ ở mức tầm trung và hiệu suất cũng ở mức trung bình.\r\nCamera selfie có đèn flash\r\nCamera sau 8 MP có hỗ trợ đèn flash trợ sáng cho bạn những bức ảnh và video sáng rõ, chất lượng ngay cả trong điều kiện thiếu ánh sáng.\r\n\r\nĐặc biệt camera trước 5 MP có đèn flash giúp bạn thực hiện các cuộc gọi video vui vẻ với bạn bè.\r\nKết nối 4G\r\nSamsung Galaxy J2 Prime hỗ trợ kết nối 4G LTE cho trải nghiệm giải trí Internet cực mướt, với tốc độ truyền tải nhanh gấp 7 lần 3G.\r\n\r\nNhờ đó người dùng sẽ có cơ hội tận hưởng sự mượt mà với những video, game chất lượng cao và quá trình duyệt web trơn tru.\r\n\r\nHỗ trợ thẻ nhớ\r\nBộ nhớ của Galaxy J2 Prime có thể được mở rộng với thẻ nhớ ngoài tối đa 256 GB cùng bộ nhớ trong lớn 8 GB giúp bạn thỏa sức lưu trữ các bài hát, video yêu thích và nhiều dữ liệu khác để phục vụ nhu cầu giải trí bất kể bạn đang ở đâu.', 1),
(3, 'Điện thoại Samsung Galaxy J2 Pro (2018)', 2990000, 'https://cdn.tgdd.vn/Products/Images/42/145575/samsung-galaxy-j2-pro-2018-10-400x460.png', 'Đem đến nhiều lựa chọn cho người tiêu dùng hơn, dòng điện thoại chuẩn bị ra mắt của Samsung là Galaxy J2 Pro 2018 sở hữu thiết kế ánh kim thời thượng, đường nét thanh lịch, dù chỉ ở phân khúc giá rẻ.\r\nThiết kế thanh lịch\r\nĐiện thoại Samsung dòng J giá rẻ này có chất liệu chủ đạo bằng nhựa, nhờ màu sắc ánh kim thời thượng, khung viền chắc chắn, 4 góc bo tròn, vát nhẹ phía lưng khiến cho máy có thiết kế thanh lịch hơn so với các dòng máy khác cùng phân khúc.\r\nMàn hình đủ rộng\r\nMàn hình của Samsung Galaxy J2 Pro (2018) có kích thước 5 inch và công nghệ Super AMOLED. Với thiết kế này, màn hình J2 Pro (2018) sẽ có màu sắc rực rỡ và khả năng sử dụng dưới ánh sáng mặt trời tốt.\r\nGiao diện Samsung UX mới\r\nSamsung Galaxy J2 Pro (2018) chạy giao diện Samsung UX mới (nền tảng Android 7.1). Do đó giao diện máy trông đẹp mắt, dễ thao tác sử dụng.\r\nCamera selfie có đèn flash\r\nĐộ phân giải camera trước là 5MP và camera sau là 8MP. Cả hai camera này của J2 Pro (2018) đều hỗ trợ đèn flash, giúp bạn chụp hình tốt ở điều kiện ánh sáng yếu. Camera trước có chế độ selfie đẹp, bạn sẽ tự tin hơn với những bức ảnh được cân chỉnh hoàn toàn tự nhiên để chia sẻ với bạn bè.\r\nCấu hình tầm trung\r\nJ2 Pro (2018) có RAM 1.5GB và chip lõi tứ tốc độ 1.4 Ghz. Với cấu hình như vậy, bạn vẫn đảm bảo được các thao tác cơ bản như xem phim, lướt web, sử dụng mạng xã hội và chơi tốt những game có cấu hình trung bình thấp.\r\nDung lượng pin 2600mAh\r\nVới dung lượng pin 2600mAh, Samsung J2 Pro (2018) đảm bảo giúp bạn có thời gian trải nghiệm nhiều hơn, hạn chế nỗi lo hết pin nhanh chóng.', 1),
(4, 'Điện thoại Samsung Galaxy J3 Pro', 3190000, 'https://cdn.tgdd.vn/Products/Images/42/77849/samsung-galaxy-j3-2017-2-400x460.png', 'Samsung Galaxy J3 Pro là bản nâng cấp mạnh mẽ về cả ngoại hình và cấu hình so với chiếc Samsung Galaxy J3 tiền nhiệm, hứa hẹn sẽ đem đến cho người dùng một smartphone xứng đáng với giá tiền bỏ ra.\r\nThiết kế sang trọng\r\nLoại bỏ đi chất liệu nhựa rẻ tiền trên các thế hệ trước thì chiếc điện thoại Samsung này được khoác lên mình chất liệu kim loại sang trọng và bóng bẩy.\r\nCác góc cạnh của máy được bo cong mềm mại mang lại cảm giác cầm nắm thoải mái kết hợp với phần mặt kính cong 2.5D mang lại cho người dùng trải nghiệm mượt mà.\r\nPhần mặt lưng được làm liền mạch với camera không lồi, các đường anten bắt sóng cũng được thiết kế tinh tế tạo sự đồng nhất cho máy.\r\n\r\nMàn hình đẹp với độ phân giải HD\r\nVới kích thước 5 inch kết hợp với độ phân giải HD thì Samsung Galaxy J3 Pro mang lại cho bạn những hình ảnh sắc nét cho xem phim hay chơi game.\r\nMáy sử dụng công nghệ PLS LCD giúp tối ưu hóa năng lượng hiệu quả hơn.\r\n\r\nHiệu năng ổn định\r\nVới con chip Exynos 7570 4 nhân 64-bit kết hợp với 2 GB RAM thì Galaxy J3 Pro giúp bạn có thể chơi mượt mà hầu hết các tựa game nhẹ và trung bình.\r\n\r\nCác tác vụ hằng ngày như lướt web hay xem phim máy cũng sẽ đáp ứng gần như tức thời và không có độ trễ.\r\n\r\nNgoài ra J3 Pro còn hỗ trợ khe cắm thẻ nhớ với dung lượng tối đa lên tới 256 GB cho bạn thoải mái lưu trữ dữ liệu.\r\nCamera cho hình ảnh sắc nét\r\nBộ đôi camera có độ phân giải lần lượt là 13 MP và 5 MP mang lại cho bạn những bức ảnh sắc nét, màu sắc hài hòa để có thể chia sẻ với bạn bè.\r\nVới khả năng bắt nét nhanh cũng như tính năng làm đẹp ảo diệu thì Galaxy J3 Pro chắc chắn cũng sẽ không làm các tín đồ của \"tự sướng\" phải thất vọng.\r\n\r\nDung lượng pin lớn\r\nSamsung J3 Pro có dung lượng pin đạt 2400 mAh, sạc 5V-1A. Theo thử nghiệm của chúng tôi khi thực hiện các tác vụ thông thường liên tục, Samsung J3 Pro cho thời lượng sử dụng đạt 8 giờ 21 phút và sạc đầy lại từ 0% đến 100% mất khoảng 2 giờ 25 phút.', 1),
(5, 'Laptop Dell Vostro 3468 i3', 11290000, 'https://cdn.tgdd.vn/Products/Images/44/166382/dell-vostro-3468-70142649-450-600x600.jpg', 'Dell Vostro 3468 i3 6006U là chiếc máy tính xách tay có cấu hình tốt trong tầm giá, được trang bị chip Intel Core i3 cho hiệu năng ổn định, ổ cứng HDD lưu trữ lên đến 500 GB.\r\nThiết kế truyền thống\r\nLaptop Dell Vostro 3468 có độ mỏng chỉ 23.4 mm và nặng 1.95 kg nên rất dễ để mang máy đi sử dụng ở nhiều nơi, rất tiện lợi và hợp xu hướng ngày nay.\r\nHiệu suất ổn định\r\nMáy đang trang bị chip Intel Core i3 Skylake thứ hệ thứ 6 cho hiệu năng mượt mà, tốc độ 2.0 GHz mang lại công suất hoạt động ổn định, xử lí nhanh với các tác vụ như: soạn thảo văn bản, lướt web hay check mail cho phản hồi nhanh chóng. Laptop Dell Vostro 3468​ tích hợp sẵn thanh RAM DDR4 4 GB và có hỗ trợ người dùng nâng cấp lên 8 GB nâng cao hiệu quả làm việc, phù hợp với đối tượng người dùng văn phòng, doanh nghiệp.\r\nMàn hình 14 inch thoải mái làm việc\r\n\r\nDell Vostro này có màn hình lên tới 14 inch, độ phân giải HD cho chất lượng hiển thị tốt. Công nghệ màn hình TrueLife LED-Backlit Display giúp hình ảnh, màu sắc hiển thị chân thực sống động.\r\nBàn phím độ nảy tốt\r\nDell Vostro 3468 i3 6006U được trang bị bàn phím Chiclet tiện dụng giúp thao tác gõ nhẹ nhàng, nhanh và chính xác. Khoảng cách giữa các phím thích hợp, giúp cho chúng ta có thể dễ dàng sử dụng.\r\nCổng kết nối đa dạng\r\nDell Core i3 được thiết kế khá mỏng nhưng vẫn còn trang bị ổ đĩa DVD để bạn cài win hoặc học ngoại ngữ, và có tất cả các kết nối cơ bản như cổng USB 2.0 và cổng USB 3.0, kết nối không dây Bluetooth để bạn sử dụng các thiết bị không dây như chuột, tai nghe. Ngoài ra còn cổng VGA/ HDMI kết nối máy chiếu, tivi, jack tai nghe tích hợp mic.', 2),
(6, 'Laptop Dell Vostro 3568 i3', 11690000, 'https://cdn.tgdd.vn/Products/Images/44/155734/dell-vostro-3568-i3-6006u-vti3027w-450x300-600x600.png', 'Dell Vostro 3568 i3 6006U là phiên bản máy tính xách tay có cấu hình tốt trong tầm giá, được trang bị chip Intel Core i3 cho hiệu năng ổn định, ổ cứng HDD lưu trữ lên đến 1 TB.\r\nThiết kế truyền thống\r\nLaptop Dell Vostro 3568 có độ mỏng chỉ 23.65 mm và nặng 2.18 kg nên rất dễ để mang máy đi sử dụng ở nhiều nơi, rất tiện lợi và hợp xu hướng ngày nay.\r\nHiệu suất ổn định\r\nMáy đang trang bị chip Intel Core i3 thứ hệ thứ 6 cho hiệu năng mượt mà, tốc độ 2.0 GHz mang lại công suất hoạt động ổn định, xử lí nhanh với các tác vụ như: soạn thảo văn bản, lướt web hay check mail cho phản hồi nhanh chóng.\r\nLaptop Dell Vostro 3568​ tích hợp sẵn thanh RAM 4 GB và có hỗ trợ người dùng nâng cấp lên 8 GB nâng cao hiệu quả làm việc, phù hợp với đối tượng người dùng văn phòng, doanh nghiệp.\r\n\r\nMáy sử dụng ổ cứng HDD dung lượng lên tới 1 TB, hỗ trợ việc lưu trữ nhiều dữ liệu.\r\n\r\nMàn hình 15.6 inch thoải mái làm việc\r\nDell Vostro này có màn hình lên tới 15.6 inch, độ phân giải HD (1366 x 768 pixels) cho chất lượng hiển thị tốt. Công nghệ màn hình TrueLife LED-Backlit Display giúp hình ảnh, màu sắc hiển thị chân thực sống động.\r\nCổng kết nối đa dạng\r\nDell Core i3 được thiết kế khá mỏng nhưng vẫn còn trang bị ổ đĩa DVD để bạn cài win hoặc học ngoại ngữ, và có tất cả các kết nối cơ bản như cổng USB 2.0 và cổng USB 3.0, kết nối không dây Bluetooth để bạn sử dụng các thiết bị không dây như chuột, tai nghe. Ngoài ra còn cổng VGA/ HDMI kết nối máy chiếu, tivi, jack tai nghe tích hợp mic.', 2),
(7, 'Laptop Dell Vostro 3468 i3', 11690000, 'https://cdn.tgdd.vn/Products/Images/44/186375/dell-vostro-3468-i3-7020u-70161069-ava-600x600.jpg', 'Dell Vostro 3468 i3 7020U là chiếc laptop được trang bị chip Intel Core i3 cùng hệ điều hành Windows 10 cho hiệu năng ổn định. Máy phù hợp với học sinh, sinh viên, các nhân viên văn phòng với nhu cầu cơ bản như học tập hay làm việc.\r\nThiết kế truyền thống\r\nLaptop Dell Vostro 3468 i3 7020U có thiết kế vỏ nhựa chắc chắn, chống bám bụi bẩn, vân tay, chịu lực va chạm tốt. Độ mỏng của máy chỉ 23.4 mm và khối lượng là 1.76 kg nên rất dễ để mang máy đi sử dụng ở nhiều nơi.\r\nHiệu suất ổn định\r\nMáy được trang bị chip Intel Core i3 hệ thứ 7 tốc độ 2.3 GHz cho hiệu năng mượt mà, công suất hoạt động ổn định, xử lí nhanh với các tác vụ cơ bản cho học tập - công việc như: soạn thảo văn bản, lướt web hay check mail...Thanh RAM DDR4 4 GB hỗ trợ nâng cấp lên 8 GB cùng ổ cứng HDD dung lượng 1 TB đáp ứng tốt các yêu cầu cơ bản, hỗ trợ việc lưu trữ nhiều dữ liệu.\r\nMàn hình 15.6 inch thoải mái làm việc\r\nDell Vostro 3468 i3 có màn hình lên tới 15.6 inch, độ phân giải HD (1366 x 768 pixels) cho không gian làm việc lớn. Công nghệ màn hình TrueLife LED-Backlit Display giúp hình ảnh, màu sắc hiển thị chân thực sống động hơn.\r\nBàn phím và TouchPad\r\nBàn phím của Dell Vostro 3468 có thiết kế truyền thống với khoảng cách giữa các phím hợp lí, vừa phải cho trải nghiệm tốt khi gõ phím. TouchPad có diện tích khá rộng và hỗ trợ đa chạm, nhờ đó máy cho một không gian thao tác lớn để thực hiện các thao tác.\r\nCổng kết nối đa dạng\r\nMáy được trang bị tất cả các kết nối cơ bản như cổng USB 2.0 và cổng USB 3.0 hay cổng LAN để kết nối mạng khi wifi yếu. Ngoài ra còn cổng VGA/ HDMI kết nối để xuất hình ảnh lên máy chiếu, tivi.', 2),
(8, 'Điện thoại Samsung Galaxy J4', 3490000, 'https://cdn.tgdd.vn/Products/Images/42/153963/samsung-galaxy-j4-3-400x460.png', 'Samsung Galaxy J4 là cái tên tiếp theo thuộc dòng J mà Samsung mới ra mắt với một số tính năng nổi bật nhằm cạnh tranh với các đối thủ trong phân khúc smartphone giá rẻ.\r\nThiết kế đơn giản\r\nĐiện thoại Samsung này sở hữu thiết kế trông khá bầu bĩnh với mặt lưng và các góc cạnh được bo cong mềm mại đem lại cho bạn cảm giác cầm nắm chắc chắn và êm tay.\r\nHơi hụt hẫng một chút khi máy chỉ được hoàn thiện từ chất liệu nhựa và đây được xem như là một điểm bất lợi so với các đối thủ khác trong cùng tầm giá.\r\n\r\nVề phía mặt lưng của máy, ngoài cụm camera và đèn Flash thì giờ đây còn có thêm hệ thống loa ngoài giúp bạn thoải mái chơi game mà không sợ âm thanh bị cản bởi các ngón tay.\r\n\r\nMàn hình rộng chuẩn HD\r\nMáy được trang bị màn hình 5.5 inch với độ phân giải HD trên tỷ lệ 16:9 truyền thống cho khả năng hiển thị ở mức khá và chưa thực sự ấn tượng.\r\nNhưng bù lại, màu sắc của máy trông khá nịnh mắt và sống động nhờ tấm nền Super AMOLED mà Samsung vẫn luôn trang bị trên các sản phẩm của hãng.\r\n\r\nHiệu năng đủ dùng\r\nSức mạnh của máy đến từ con chip Exynos 7570 kết hợp với 2GB RAM mang đến một hiệu năng tương đối ổn định để có thể xử lý mượt mà các tác vụ cơ bản thường ngày.\r\nHơn nữa, Galaxy J4 còn được cài sẵn Android 8.0 (Oreo) với việc được cập nhật và bổ sung các tính năng mới giúp máy tối ưu hơn khả năng xử lý.\r\n\r\nCamera chất lượng khá\r\nCụm camera sau của máy có độ phân giải 13 MP kết hợp với đèn flash trợ sáng cho hình ảnh với độ chi tiết tốt, màu sắc tự nhiên và độ sáng cao ngay cả trong điều kiện chụp thiếu sáng.\r\nBên cạnh đó, máy còn hỗ trợ quay phim chuẩn FullHD 1080p@30fps cùng các tính năng chụp ảnh chuyên nghiệp như: HDR, Panorama...\r\n\r\nCòn về camera trước thì hơi khiêm tốn với độ phân giải 5 MP có tích hợp chế độ làm đẹp đáp ứng vừa đủ cho bạn trong việc chụp ảnh selfie cùng bạn bè.\r\n\r\nDung lượng pin 3000 mAh\r\nVới dung lượng pin như trên thì Galaxy J4 đáp ứng khá thoải mái cho bạn trong khoảng 1 ngày với các thao tác cơ bản hằng ngày như nghe nhạc, xem phim hay lướt web.\r\n\r\nNgoài ra, máy còn tích hợp thêm các tính năng hiện đại như chia cửa sổ màn hình chạy song song 2 ứng dụng hay kết nối nhanh chóng với đồng hồ đeo tay để theo dõi sức khỏe.', 1),
(9, 'Điện thoại Samsung Galaxy J6', 4290000, 'https://cdn.tgdd.vn/Products/Images/42/160729/samsung-galaxy-j6-2018-1-400x460-400x460-400x460-400x460.png', 'Trong phân khúc smartphone tầm trung, Samsung Galaxy J6 là cái tên tiếp theo được nhắc đến với một thiết kế đẹp, hiệu năng tốt và có màn hình 18.5:9 thời thượng.\r\nThiết kế thanh lịch\r\nKhông cần quá cầu kì hay trau chuốt nhưng chiếc điện thoại Samsung dòng J mới của năm 2018 vẫn thu hút bạn ngay từ cái nhìn đầu tiên nhờ lối thiết kế đơn giản nhưng vẫn khá phong cách và hiện đại.\r\nMức độ hoàn thiện cao với các chi tiết được làm tỉ mỉ, nên dù sở hữu chất liệu từ nhựa nhưng máy vẫn toát lên được vẻ đẹp vô cùng sang trọng.\r\nMặt lưng và các góc cạnh được bo cong nhẹ nhàng có chút gì đó hơi nữ tính nhưng nhờ thế mà sẽ ít bị trơn trượt và khó chịu mỗi khi bạn cầm nắm máy trên tay.\r\n\r\nMàn hình xu hướng mới\r\nGalaxy J6 sở hữu màn hình vô cực tỷ lệ 18.5:9 giúp tối ưu kích thước tổng thể nên dù có kích thước màn hình 5.6 inch thì máy vẫn trông khá vừa vặn và thon gọn trong lòng bàn tay của bạn.\r\nBên cạnh đó, với độ phân giải HD+ cùng tấm nền Super AMOLED mang lại một màu sắc hiển thị rực rỡ và nịnh mắt để bạn có thể đắm chìm trong những bộ phim có độ phân giải cao.\r\nHiệu năng khá\r\nTrung tâm điều khiển các hoạt động của máy sẽ là con chip Exynos 7870 do hãng tự sản xuất mang đến một hiệu năng ổn định, cùng khả năng tiết kiệm năng lượng tối ưu.\r\nHơn nữa với việc được trang bị 3 GB RAM cùng 32 GB bộ nhớ trong giúp bạn thoải mái hơn trong việc chạy đa nhiệm các ứng dụng cũng như lưu trữ dữ liệu cá nhân.\r\nChưa dừng lại ở đó, máy còn được cài sẵn Android 8.0 (Oreo) đem đến cho bạn một trải nghiệm thú vị hơn nhờ việc được cập nhật và bổ sung nhiều tính năng mới.\r\nCamera với độ chi tiết hình ảnh cao\r\nKhá đáng tiếc máy chỉ được trang bị camera sau có độ phân giải 13 MP mà thôi, trong khi nhiều đối thủ của nó đã lên đời cụm camera kép hiện đại.\r\nNhưng bù lại, chất lượng ảnh chụp của máy cho ra khá tốt với độ chi tiết cao, màu sắc hài hòa và sống động.\r\nĐộ phân giải 8 MP là thông số của cụm camera trước hỗ trợ tính năng làm đẹp và nhận diện khuôn mặt giúp bạn luôn có được những bức ảnh selfie đẹp và tự nhiên.\r\n\r\nDung lượng pin cao\r\nMáy sở hữu viên pin có dung lượng 3000 mAh đáp ứng khá thoải mái cho bạn trong khoảng 1 ngày sử dụng với các thao tác cơ bản hằng ngày.\r\n\r\nNgoài ra, máy còn có tính năng mở khóa bằng khuôn mặt, chặn cuộc gọi, tin nhắn hay hỗ trợ 4G tốc độ cao.', 1),
(10, 'Điện thoại Samsung Galaxy J6 64GB Tím Lavender', 4590000, 'https://cdn.tgdd.vn/Products/Images/42/181739/samsung-galaxy-j6-tim-lavender-3-400x460.png', 'Trong phân khúc smartphone tầm trung, Samsung Galaxy J6 Tím Lavender là cái tên tiếp theo được nhắc đến với một thiết kế đẹp, màu sắc nhẹ nhàng, sang trọng, hiệu năng tốt và có màn hình 18.5:9 thời thượng.\r\nThiết kế thanh lịch\r\nKhông cần quá cầu kì hay chau chuốt nhưng điện thoại Samsung màu tím Lavender vẫn thu hút bạn ngay từ cái nhìn đầu tiên nhờ lối thiết kế đơn giản nhưng vẫn khá phong cách và hiện đại.\r\nMức độ hoàn thiện cao với các chi tiết được làm tỉ mỉ, nên dù sở hữu chất liệu từ nhựa nhưng máy vẫn toát lên được vẻ đẹp vô cùng sang trọng.\r\nMặt lưng và các góc cạnh được bo cong nhẹ nhàng có chút gì đó hơi nữ tính nhưng nhờ thế mà sẽ ít bị trơn trượt và khó chịu mỗi khi bạn cầm nắm máy trên tay.\r\n\r\nMàn hình xu hướng mới\r\nGalaxy J6 sở hữu màn hình vô cực tỷ lệ 18.5:9 giúp tối ưu kích thước tổng thể nên dù có kích thước màn hình 5.6 inch thì máy vẫn trông khá vừa vặn và thon gọn trong lòng bàn tay của bạn.\r\nBên cạnh đó, với độ phân giải HD+ cùng tấm nền Super AMOLED mang lại một màu sắc hiển thị rực rỡ và nịnh mắt để bạn có thể đắm chìm trong những bộ phim có độ phân giải cao.\r\n\r\nHiệu năng khá và ổn định\r\nTrung tâm điều khiển các hoạt động của máy sẽ là con chip Exynos 7870 do hãng tự sản xuất mang đến một hiệu năng ổn định, cùng khả năng tiết kiệm năng lượng tối ưu.\r\n\r\nHơn nữa với việc được trang bị 4 GB RAM cùng 64 GB bộ nhớ trong giúp bạn thoải mái hơn trong việc chạy đa nhiệm các ứng dụng cũng như lưu trữ dữ liệu cá nhân.\r\nChưa dừng lại ở đó, máy còn được cài sẵn Android 8.0 (Oreo) đem đến cho bạn một trải nghiệm thú vị hơn nhờ việc được cập nhật và bổ sung nhiều tính năng mới.\r\n\r\nVẫn chỉ là camera đơn\r\nKhá đáng tiếc máy chỉ được trang bị camera sau có độ phân giải 13 MP mà thôi, trong khi nhiều đối thủ của nó đã lên đời cụm camera kép hiện đại.\r\nNhưng bù lại, chất lượng ảnh chụp của máy cho ra khá tốt với độ chi tiết cao, màu sắc hài hòa và sống động.\r\nĐộ phân giải 8 MP là thông số của cụm camera trước hỗ trợ tính năng làm đẹp và nhận diện khuôn mặt giúp bạn luôn có được những bức ảnh selfie đẹp và tự nhiên.\r\n\r\nDung lượng pin cao\r\nMáy sở hữu viên pin có dung lượng 3000 mAh đáp ứng khá thoải mái cho bạn trong khoảng 1 ngày sử dụng với các thao tác cơ bản hằng ngày.\r\nNgoài ra, máy còn có tính năng mở khóa bằng khuôn mặt, chặn cuộc gọi, tin nhắn hay hỗ trợ 4G tốc độ cao.', 1),
(11, 'Laptop Dell Vostro 3568 i3', 11890000, 'https://cdn.tgdd.vn/Products/Images/44/189366/dell-inspiron-3576-vti32072w-450-600x600.png', 'Thêm một sự lựa chọn nữa trong phân khúc laptop học tập - văn phòng nữa đến từ thương hiệu Dell. Với cấu hình được trang bị chip Intel Core i3 Kabylake, cùng RAM 4 GB, ổ cứng HDD 1 TB, laptop Dell Vostro 3568 (VTI32072W) sẽ đáp ứng tốt nhu cầu với các tác vụ nơi văn phòng cũng như việc học tập của sinh viên.\r\nCấu hình ổn định trong tầm giá\r\nVới bộ vi xử lí Intel Core i3 thế hệ thứ 7, RAM DDR4 4 GB, cho phép nâng cấp lên đến 16 GB, đáp ứng tốt như cầu từ văn phòng đến học tập với các tác vụ cơ bản như: soạn thảo văn bản, nhập liệu, làm PowerPoint, chơi game nhẹ.\r\n\r\nBên cạnh đó, ổ cứng HDD lên đến 1 TB cho khả năng lưu trữ dữ liệu trên máy được nhiều hơn, thoải mái hơn không ngại hết dung lượng.\r\nMàn hình lớn 15.6 inch\r\nVới kích thước màn hình lên đến 15. 6 inch được trang bị cho không gian nhìn được rộng hơn, thoải mái hơn khi học tập, làm việc, xem phim. Màn hình kết công nghệ TrueLife LED-Backlit Display cùng card đồ họa tích hợp Intel® HD Graphics 620 cho hình ảnh hiển thị với màu sắc tươi sáng, rõ nét, chân thật trong từng chi tiết ảnh.\r\nCông nghệ âm thanh MaxxAudio từ Waves\r\nLaptop Dell trong bài viết này được trang bị loa kép cùng công nghệ MaxxAudio đến từ hãng âm thanh Waves cho khả năng tăng cường chất âm, nhằm đem đến chất lượng âm thanh như phòng thu, cho trải nghiệm tuyệt vời khi nghe nhạc, xem phim, giải trí.\r\n\r\nNgoài ra, máy được tích hợp Combo Microphone Headphone cho khả năng vừa nghe vừa nói, thích hợp cho việc trò chuyện, học ngoại ngữ online.\r\nBàn phím và TouchPad\r\nBàn phím trên Dell Vostro 3568 có các phím bấm to, rõ, độ nảy tốt, cho phép người dùng thao tác gõ chuẩn xác hơn và thoải mái hơn khi sử dụng trong thời gian dài.\r\n\r\nTouchPad đa chạm trên máy to, nhận lệnh trực tiếp từ ngón tay, đáp ứng tốt các thao tác: Phóng to, thu nhỏ, cuộn trang, mở tab mới một cách tiện lợi mà không cần dùng đến chuột rời.\r\nCác cổng kết nối \r\nMáy được trang bị các cổng kết nối cơ bản đủ dùng như: 2 x USB 3.0, USB 2.0 giúp sao chép dữ liệu, cổng HDMI, VGA hỗ trợ trình chiếu hình ảnh, âm thanh sang màn hình lớn như tivi, máy chiếu tiện lợi trong các buổi thuyết trình, cổng kết nối mạng LAN RJ(45) tiện ích khi tín hiệu wifi không ổn định.', 2),
(12, 'Laptop Dell Inspiron 3476 i3', 11990000, 'https://cdn.tgdd.vn/Products/Images/44/189385/dell-inspiron-3476-8j61p11-450-600x600.png', 'Dell Inspiron 3476 i3 8130U là phiên bản máy tính xách tay được trang bị cấu hình cơ bản với chip Intel Core i3 Kabylake Refresh, RAM DDR4 4 GB, ổ cứng HDD lên đến 1 TB, cùng hệ điều hành Windows 10 được cài đặt sẵn. Đây sẽ là lựa chọn phù hợp cho đối tượng như học sinh - sinh viên cần một chiếc laptop đáp ứng tốt các nhu cầu cơ bản của công việc văn phòng cũng như học tập.\r\nThiết kế đơn giản, cứng cáp\r\nLaptop Dell có vẻ ngoài đơn giản, với các góc cạnh vuông vức, kết hợp tông màu đen mang đến cảm giác cứng cáp, chắc tay, thoải mái khi cầm nắm. Máy với độ dày chỉ 23.35 mm, cùng với trọng lượng 1.97 kg, vô cùng tiện lợi cho người dùng mang theo máy sử dụng mọi lúc mọi nơi.\r\nCấu hình cơ bản, đủ dùng\r\nMáy được trang bị cấu hình cơ bản trong tầm giá với bộ vi xử lí Intel Core i3 thế hệ thứ 8, giúp tiết kiệm điện năng, đi cùng là thanh RAM DDR4 4 GB, cho phép hỗ trợ nâng cấp lên đến 16 GB khi cần thiết.\r\n\r\nViệc lưu trữ dữ liệu trên máy sẽ trở nên thoải mái hơn với ổ cứng HDD lên đến 1 TB, thích hợp cho đối tượng sử dụng cần lưu nhiều tài liệu như văn thư, giáo viên, kế toán..\r\nMàn hình 14 inch nhỏ gọn\r\nDù máy tính Dell trong bài viết này chỉ sở hữu màn hình với kích thước 14 inch, độ phân giải HD, nhưng kết hợp công nghệ màn hình TrueLife LED-Backlit Display cùng card đồ họa tích hợp Intel® UHD Graphics 620 cho hình ảnh hiển thị với màu sắc tươi sáng, rõ nét, đem đến tầm nhìn thoải mái khi sử dụng.\r\nBàn phím tích hợp dãy phím số tiện ích\r\nMáy có bàn phím với các phím to, độ nảy tốt, được bố trí với khoảng cách hợp lí, dãy phím số được tích hợp bên phải phù hợp cho người dùng thường xuyên nhập liệu số như giáo viên, kế toán.\r\nCông nghệ âm thanh MaxxAudio\r\nVới loa kép được trang bị kết hợp cùng công nghệ âm thanh MaxxAudio đến từ hãng Waves, đem đến khả năng tăng cường âm lượng, cho chất âm phát ra chất lượng hơn, cho trải nghiệm tuyệt vời khi học tập, nghe nhạc, xem phim giải trí.\r\nCác kết nối tiện ích\r\nLaptop Dell Inspiron 3476 được trang bị các cổng kết nối cơ bản như: 2 x USB 3.0, USB 2.0 giúp sao chép dữ liệu, cổng HDMI hỗ trợ kết nối với màn hình lớn như tivi, máy chiếu trình chiếu hình ảnh, âm thanh trong các buổi họp, hội thảo.\r\n\r\nBên cạnh đó, máy cũng được tích hợp ổ đĩa DVD hỗ trợ cho việc cài win bằng đĩa CD, học ngoại ngữ một cách tiện lợi hơn.', 2),
(13, 'Laptop Dell Inspiron 3567 i3', 12190000, 'https://cdn.tgdd.vn/Products/Images/44/91778/dell-inspiron-3567-i3-6006u-c5i3120w-den-2-450x300-450x300-450x300.jpg', 'Dell Inspiron 3567 i3 6006U là phiên bản nâng cấp với RAM 4 GB cùng card màn hình rời AMD là chiếc laptop thích hợp dành cho việc giải trí. Phù hợp với người dùng cần một chiếc laptop để học tập, giải trí nhẹ nhàng.\r\nMáy có thể chơi được những game nào?\r\nVới vi xử lý Intel Core i3 Skylake, xung nhịp 2.00 Ghz khá tốt cùng với ổ cứng lưu trữ HDD 1 TB, máy đáp ứng đầy đủ nhu cầu về xem phim, chơi game.\r\nMàn hình rộng trải nghiệm giải trí hoàn hảo\r\nMàn hình 15.6 inch cùng với đó là độ phân giải HD cho hình ảnh rõ nét tốt hơn.\r\nMáy hỗ trợ tốt nhu cầu làm việc và học tập\r\nVới cấu hình như trên, không quá khó để máy có thể vận hành một cách nhanh chóng các ứng dụng: Văn phòng (Office, phần mềm kế toán…).\r\nTrải nghiệm thực tế: Mở file Excel có dung lượng hơn 3.5 MB, máy mất khoản 6 giây để mở. Tương tự khoản 3 giây để mở đầy đủ file Powerpoint trình chiếu.\r\n\r\nCác phần mềm đồ họa, thiết kế, xử lý ảnh\r\nVới cấu hình khá mạnh mẽ máy xử lý tốt các ứng dụng đồ họa như: Photoshop, CorelDraw, AutoCad…\r\nKhả năng trình chiếu, kết nối máy In/Scan\r\nMáy có ổ đĩa quang giúp bạn xem phim hay học tiếng Anh với đĩa DVD dễ dàng hơn. Một điểm cộng tiếp theo máy vẫn trang bị cổng mạng LAN giúp bạn có nhiều sự lựa chọn kết nối hơn.\r\n\r\nKèm theo cổng USB 2.0 thường máy trang bị 2 cổng USB chuẩn 3.0 giúp truyền tải dữ liệu nhanh hơn. Kết nối dễ dàng hơn đến các máy in hoặc máy scan.\r\n\r\nCổng HDMI cho phép kết nối với tivi hoặc máy chiếu.', 2),
(14, 'Laptop Dell Inspiron 3576 i3', 12290000, 'https://cdn.tgdd.vn/Products/Images/44/166858/dell-inspiron-3576-p63f002n76b-450-600x600.png', 'Dell Inspiron 3576 i3 8130U là một trong những đại diện từ Dell cho dòng laptop mới trong năm 2018 này. Là một sản phẩm trong dòng máy Inspiron nổi tiếng từ Dell, máy được bổ sung vi xử lý thế hệ thứ 8 và 4 GB RAM rất phù hợp cho người dùng phổ thông, cần một chiếc laptop để học tập, làm việc.\r\nThiết kế cứng cáp\r\nThiết kế của máy vẫn mang dáng dấp quen thuộc của dòng máy Inspiron với vỏ nhựa cứng cáp, thiết kế khá góc cạnh tăng thêm phần mạnh mẽ cho vẻ bề ngoài của máy. Tuy vậy, máy khá nhẹ so với dòng máy 15.6 inch, dễ dàng mang theo làm việc.\r\nCấu hình ổn định trong phân khúc\r\nCấu hình của chiếc laptop Inspiron khá phổ thông với vi xử lý i3 thế hệ thứ 8 tiết kiệm điện và hiệu năng cao, cùng với 4 GB RAM giúp máy chạy tốt các ứng dụng cơ bản cho công việc văn phòng như Office, các phần mềm kế toán,... Các tác vụ học tập trên máy cũng được xử lý một cách trơn tru, ổ cứng 1 TB khá dư dả để chứa tài liệu, hình ảnh hay video giải trí.\r\nMàn hình lớn 15.6 inch\r\nSử dụng màn hình 15.6 inch độ phân giải HD cho hình ảnh hiển thị khá rõ nét, màu sắc chính xác. Khả năng hiển thị cùng màu sắc hài hoà giúp bạn làm việc, học tập hay xem phim lâu trên màn hình mà ít bị mỏi mắt.\r\nBàn phím tích hợp dãy phím số\r\nBàn phím được tích hợp dãy phím số bên phải tiện lợi cho các công việc liên quan đến tính toán như kế toán, giáo viên cần làm việc nhiều với số liệu. Ngoài ra các phím được bố trí khá hợp lý cũng giúp người dùng hạn chế tình trạng mỏi tay khi làm việc lâu.\r\nCổng kết nối và pin\r\nVới vi xử lý tiết kiệm điện mới nhất từ Intel giúp máy có thời gian hoạt động lên đến khoảng 3 đến 4 giờ cho 1 lần sạc. Các cổng kết nối trên máy đáp ứng tốt các nhu cầu cơ bản như cổng USB, HDMI để kết nối máy chiếu, màn hình lớn, cổng cắm mạng.', 2),
(15, 'Điện thoại Samsung Galaxy A6 (2018)', 5490000, 'https://cdn.tgdd.vn/Products/Images/42/157031/samsung-galaxy-a6-2018-1-400x460.png', 'Samsung Galaxy A6 (2018) là chiếc smartphone tầm trung vừa được ra mắt của Samsung bên cạnh chiếc Samsung Galaxy A6+ (2018).\r\nThiết kế kim loại nguyên khối\r\nMáy được hoàn thiện từ kim loại nguyên khối, kết hợp với mặt kính cong nhẹ 2.5D cho cảm giác vuốt chạm thoải mái hơn.\r\nMặt trước là camera \"tự sướng\" và đèn LED trợ sáng 3 cấp độ giúp chụp ảnh selfie trong điều kiện thiếu sáng tốt hơn.\r\n\r\nMặt lưng là dãy ăng-ten trên dưới đối xứng hình chữ U và camera chính và cảm biến vân tay được gom chung vào 1 cụm.\r\nBộ cảm biến dấu vân tay được di chuyển về phía sau cùng với đó là đèn flash LED kép 2 tông màu.\r\n\r\nMàn hình độ phân giải cao\r\nSmartphone Galaxy A6 được trang bị màn hình hiển thị Infinity 5.6 inch, độ phân giải HD+.\r\nHiệu năng ổn định\r\nSamsung Galaxy A6 được trang bị vi xử lý Exynos 7870 kết hợp RAM 3 GB và bộ nhớ trong 32 GB.\r\nVới cấu hình này, Galaxy A6 đáp ứng tốt các nhu cầu cơ bản sử dụng hiện nay như lướt web, xem phim và chơi một số game ở mức đồ họa trung bình.\r\n\r\nMáy chạy sẵn Android 8.0 cùng viên pin dung lượng 3.000 mAh khá thoải mái cho một ngày sử dụng.\r\nCamera chất lượng\r\nVề camera, điện thoại Samsung này được trang bị camera chính 16 MP cùng khẩu độ f/1.7 sẽ giúp máy xử lý hình ảnh trong môi trường ánh sáng yếu hay ban đêm được tốt hơn.\r\nNgoài ra camera \"tự sướng\" 16 MP khẩu độ f/1.9 cũng phát huy được sức mạnh khi được Samsung tích hợp nhiều tính năng hấp dẫn.', 1),
(16, 'Điện thoại Samsung Galaxy J8', 6290000, 'https://cdn.tgdd.vn/Products/Images/42/153830/samsung-galaxy-j8-400x460.png', 'Sau nhiều thông tin rò rỉ thì Samsung Galaxy J8 đã chính thức được ra mắt với nhiều trang bị cao cấp với màn hình tràn viền, camera kép xóa phông cùng một hiệu năng ổn định.\r\nCamera kép xóa phông nổi bật vật thể\r\nĐể đánh dấu sự vượt trội về khả năng chụp ảnh của mình thì hệ thống camera kép với độ phân giải 16 MP và 5 MP cũng đã có mặt trên Samsung J8 hỗ trợ khả năng xóa phông ảo diệu.\r\nNhờ các tính năng chụp ảnh chuyên nghiệp đi kèm giúp máy cho ra những bức ảnh chụp khá ấn tượng với độ sáng cao, màu sắc trong trẻo nhưng không kém phần rực rỡ.\r\nCamera selfie của máy cũng không kém cạnh khi có độ phân giải lên đến 16 MP tích hợp thêm đèn flash trợ sáng giúp bạn có những bức ảnh tự sướng đẹp cùng bạn bè ngay cả trong điều kiện thiếu sáng.\r\nThiết kế nguyên khối tinh tế\r\nChiếc điện thoại Galaxy J8 vẫn sở hữu một lối thiết kế đậm chất Samsung với sự mềm mại, uyển chuyển nhưng vẫn khá thanh thoát đến từng góc cạnh của máy.\r\nĐược hoàn thiện với thiết kế nguyên khối nên máy cho khả năng cầm nắm chắc chắn và rất đầm tay.\r\nCảm biến vân tay được đặt ở một vị trí thuận lợi ở mặt lưng giúp bạn mở khóa máy một cách thuận tiện và dễ dàng.\r\nMàn hình tràn viền tỉ lệ mới 18.5:9\r\nVới sự kết hợp của tỷ lệ màn hình tràn viền mới 18.5:9 trên kích thước 6 inch đảm bảo cho bạn có một không gian trải nghiệm rộng rãi nhưng máy vẫn vừa vặn và nhỏ gọn trong lòng bàn tay.\r\nHơi hụt hẫng một chút khi màn hình của máy chỉ dừng ở độ phân giải HD+, tuy chất ảnh không được sắc nét nhưng bù lại là công nghệ Super AMOLED có độ rực rỡ cao, cũng đủ để bạn có thể thưởng thức những bộ phim chất lượng cao.\r\n\r\nHiệu năng trải nghiệm game ổn định\r\nQualcomm Snapdragon 450 chính là con chip mà Samsung trang bị cho máy với một hiệu năng khá cùng khả năng tiết kiệm năng lượng tối ưu. Thực tế cho thấy Galaxy J8 đáp ứng được cấu hình chơi các game phổ biến như Liên Quân, Pubg khá ổn định.\r\nBên cạnh đó là bộ nhớ RAM 3 GB để các ứng dụng có thể chạy đa nhiệm nhanh chóng và ổn định.\r\n\r\nHơn nữa, không thể không kể đến hệ điều hành Android 8.0 (Oreo) với các tùy biến nâng cao giúp máy tối ưu hơn trong việc xử lý các tác vụ hằng ngày.\r\nDung lượng pin 3500 mAh\r\nVới dung lượng pin như trên chiếc điện thoại Samsung này đáp ứng khá thoải mái cho bạn trong khoảng 1 ngày với các tác vụ như: nghe nhạc, xem phim hay lướt web.', 1),
(17, 'Điện thoại Samsung Galaxy J7+', 6690000, 'https://cdn.tgdd.vn/Products/Images/42/112970/samsung-galaxy-j7-plus-2-400x460.png', 'Samsung Galaxy J7+ là dòng smartphone tầm trung nhưng được trang bị camera kép có khả năng chụp ảnh xóa phông chân dung cùng thiết kế đẹp và hiệu năng mạnh mẽ.\r\nThiết kế cao cấp\r\nĐiện thoại Samsung dòng J mới này tiếp tục được sử dụng thiết kế nguyên khối từ kim loại như các dòng cao cấp, mang lại vẻ đẹp sang trọng cũng như bền bỉ nhất.\r\nDải anten trở lại với thiết kế quen thuộc trước đây chứ không cách điệu như trên J7 Pro. Cụm camera kép đặt theo chiều dọc khá nổi bật trên mặt lưng máy.\r\nCamera kép chuyên nghiệp\r\nSamsung Galaxy J7+ nổi bật với camera kép được trang bị tương tự như dòng Galaxy Note 8 với khả năng chụp ảnh xóa phông chủ động (Live Focus), cho phép điều chỉnh độ mờ hậu cảnh trong khi chụp để đem đến những bức ảnh chân dung ưng ý nhất.\r\nKhẩu độ f/1.7 cho ảnh chụp sáng rõ trong mọi điều kiện, kể cả thiếu sáng. Độ phân giải camera kép lần lượt là 13 MP và 5 MP, camera phụ 5 MP chỉ để phục vụ cho tính năng xóa phông.\r\nThỏa sức selfie\r\nSở hữu camera trước độ phân giải lớn 16 MP cho ảnh chụp chi tiết sắc nét, khẩu độ f/1.9 chụp sáng, rõ nét vào ban đêm. Đặc biệt hơn là tính năng xóa phông chụp chân dung và bộ sticker vui nhộn nâng cao trải nghiệm selfie.\r\nMàn hình đẹp, luôn hiển thị\r\nCông nghệ màn hình Super AMOLED truyền thống của nhà Samsung luôn được đánh giá là hiển thị sắc nét, màu sắc sống động hàng đầu. Kích thước 5.5 inch lớn với độ phân giải FullHD sắc nét.\r\nĐặc biệt, màn hình của Samsung Galaxy J7+ sẽ luôn hiển thị những thông tin cần thiết như thời gian, thông báo tin nhắn, lịch... rất tiện lợi.\r\nHiệu năng mạnh mẽ\r\nSamsung Galaxy J7+ mang trong mình vi xử lý 8 nhân gồm 4 nhân mạnh 2.39 GHz và 4 nhân tiết kiệm pin 1.69 GHz, công nghệ này giúp vừa mang lại hiệu năng mạnh mẽ, chơi được nhiều game nặng, vừa kéo dài thời gian dùng máy hiệu quả.\r\nBộ nhớ RAM lớn 4 GB và bộ nhớ trong 32 GB (mở rộng thêm qua thẻ nhớ, tối đa 256 GB) thoải mái chạy đa nhiệm, lưu trữ kho ảnh, video lớn và cài đặt nhiều ứng dụng, game. Máy chạy Android 7 Nougat và sẽ được nâng cấp lên Android 8.\r\nTrợ lý ảo Bixby\r\nThêm một tính năng nữa từ các dòng cao cấp như Samsung S8 hay Note 8, trợ lý ảo thông minh Bixby sẽ giúp trải nghiệm sử dụng của bạn trở nên dễ dàng và thuận tiện hơn.\r\nThời lượng pin khá\r\nCó viên pin dung lượng 3000 mAh, nhờ sử dụng màn hình Super AMOLED tiết kiệm năng lượng, vi xử lý thông minh và các chế độ tiết kiệm pin đã giúp Samsung Galaxy J7+ đáp ứng tốt đa số nhu cầu.\r\nTheo công bố từ hãng, Samsung Galaxy J7+ cho phép dùng liên tục 12 giờ lướt web (wifi) hoặc 14 giờ xem video hoặc 78 giờ phát nhạc.', 1),
(18, 'Laptop Dell Vostro 3468 i5 7200U', 13790000, 'https://cdn.tgdd.vn/Products/Images/44/90477/dell-vostro-3468-i5-7200u-den-450x300-450x300.png', 'Thoải mái chiến game cùng công việc\r\nĐược tích hợp chip xử lý core i5 KabyLake, tốc độ CPU 2.5 GHz và có thể tăng tốc lên tối đa 3.1 GHz nhờ tính năng Turbo Boost.\r\n\r\nHướng dẫn bạn cách cài đặt Turbo Boost dễ hiểu nhất.\r\n\r\nRAM 4 GB và có thể nâng lên tối đa 16 GB, đặc biệt ổ cứng lưu trữ HDD lên đến 1 TB không gian lưu trữ thoải mái.\r\nMàn hình 14 inch vừa mắt nhìn\r\nTrải nghiệm âm thanh tốt hơn với công nghệ xử lý độc quyền MaxxAudio\r\nTouchpad đa cách sử dụng\r\nCác cổng kết nối\r\nTrang bị đầy đủ các cổng kết nối cơ bản nhất, phục vụ tốt cho việc học cũng như công việc của bạn.', 2),
(19, 'Laptop Dell Vostro 3568 i5 7200U', 13990000, 'https://cdn.tgdd.vn/Products/Images/44/103630/dell-vostro-3568-i5-7200u-400-450x300-450x300.png', 'Laptop Dell Vostro 3568 i5 7200U là chiếc máy tính được trang bị chip xử lý thế hệ mới thứ 7, bảo mật vân tay, màn hình lớn cùng ổ cứng HDD lên đến 1 TB. \r\nCấu hình đáp ứng tốt mọi nhu cầu sử dụng\r\nCùng vi xử lý core i5 như nhiều dòng laptop khác nhưng thuộc thế hệ thứ 7 mới nhất với nhiều cải tiến giúp Dell Vostro 3568 i5 7200U chạy nhanh nhạy hơn hẳn nhưng vẫn tiết kiệm năng lượng.\r\n\r\nCùng với đó là ổ cứng HDD dung lượng trống lên đến 1 TB (~1024 GB), giúp bạn vừa lưu trữ được nhiều dữ liệu mà vừa hạn chế máy bị chậm. RAM sẵn 4 GB và có thể nâng lên tới 16 GB tùy vào nhu cầu tăng độ mạnh của bạn.\r\n\r\nMáy phù hợp với nhiều nhu cầu dùng từ cơ bản như soạn tài liệu cho đến dùng để thiết kế đồ họa.\r\nTrang bị cảm biến vân tay mở khóa màn hình máy nhanh chóng\r\nKhông cần phải nhập mã số và đề phòng người khác có thể nhìn thấy.\r\nMàn hình lớn 15.6 inch\r\nMở rộng không gian để bạn làm việc, mọi thông tin hiển thị trọn vẹn hơn trong 1 khung hình, hình ảnh sáng và thể hiện màu sắc khá trung thực.\r\nĐi kèm bàn phím số Number Pab tiện lợi\r\nPhù hợp với các bạn hay làm việc với con số như kế toán, giáo viên...\r\nTích hợp công nghệ xử lý âm thanh độc quyền của hãng MaxxAudio\r\n2 cặp loa nằm cạnh trước máy giúp âm thanh phát ra trực diện hơn.\r\nTouchpad đa chạm\r\nGiúp tối ưu hóa việc điều khiển máy mà không cần đến chuột máy tính.', 2),
(20, 'Điện thoại Samsung Galaxy A7 (2018)\r\n', 7690000, 'https://cdn.tgdd.vn/Products/Images/42/111107/samsung-galaxy-a7-2018-blue-400x460.png', 'Samsung Galaxy A7 (2018) lột xác với nhiều thay đổi mới mẻ từ thiết kế đến hiệu năng. Bên cạnh đó, đây cũng là chiếc smartphone đầu tiên của Samsung sở hữu cụm camera sau với 3 thấu kính ấn tượng.\r\nChiếc điện thoại Samsung đầu tiên sở hữu 3 camera\r\nSamsung Galaxy A7 (2018) là chiếc smartphone đầu tiên của Samsung được trang bị cụm camera với 3 thấu kính có độ phân giải lần lượt là 24 MP, 8 MP và 5 MP.\r\nCảm biến chính 24 MP nằm giữa cụm camera có khẩu độ F/1.7, giúp hình ảnh chi tiết hơn, đặc biệt ở điều kiện ánh sáng thấp. Phía trên là cảm biến độ sâu 5 MP F/2.2 và ống kính góc rộng ở dưới 8 MP F/2.4.\r\nNhờ thế mà chất lượng ảnh chụp của máy được cải thiện một cách rõ rệt so với thế hệ trước về độ sáng, màu sắc cũng như độ tương phản.\r\nCamera trước cũng ấn tượng không kém khi sở hữu độ phân giải 24 MP hỗ trợ nhiều tính năng cao cấp như: Sticker AR, camera góc rộng hay có các chế độ làm đẹp khác nhau.\r\nThiết kế nguyên khối sang trọng với vân tay cạnh bên\r\nSamsung Galaxy A7 (2018) sở hữu lối thiết kế nguyên khối với khung kim loại chắc chắn cùng vân tay ở cạnh bên.\r\nThân hình trông có phần nam tính nhưng được cách điệu bởi những đường cong mềm mại và uyển chuyển, cùng sự gia công tỉ mỉ, sắc sảo đem lại cho bạn cảm giác cầm nắm chắc chắn và dễ chịu.\r\nVới tỷ lệ màn hình 18.5:9 đảm bảo cho bạn có một không gian trải nghiệm rộng rãi trên kích thước 6 inch nhưng vẫn tối ưu được diện tích tổng thể thân máy.\r\nĐi kèm theo đó là tấm nền Super AMOLED cùng độ phân giải Full HD+ mang đến cho bạn những khung hình sắc nét, sống động mỗi khi thưởng thức những bộ phim chất lượng cao.\r\nHiệu năng mượt mà với Exynos 7885\r\nSức mạnh cung cấp cho Galaxy A7 (2018) chính là con chip Exynos 7885, đáp ứng mượt mà cho các nhu cầu giải trí hằng ngày của bạn.\r\nBên cạnh đó, với dung lượng RAM 4 GB cùng bộ nhớ trong lên đến 64 GB tương đối dư giả để bạn có thể chạy đa nhiệm ổn định hay lưu trữ dữ liệu một cách thoải mái.\r\n\r\nMáy cũng được cài sẵn Android 8 (Oreo) đem lại giao diện đẹp, trực quan và mượt mà trong quá trình sử dụng.\r\nDung lượng pin 3300 mAh\r\nMang trong mình một viên pin có dung lượng 3300 mAh giúp Samsung A7 (2018) đáp ứng khá trọn vẹn với các nhu cầu giải trí cơ bản trong 1 ngày.', 1),
(21, 'Điện thoại Samsung Galaxy A6+ (2018)', 8290000, 'https://cdn.tgdd.vn/Products/Images/42/160728/samsung-galaxy-a6-plus-2018-xanh-400x460-400x460.png', 'Sau nhiều đồn đoán thì cuối cùng Samsung Galaxy A6+ (2018) đã chính thức được Samsung  giới thiệu với một chút đổi mới trong thiết kế cũng như về camera của máy.\r\nThiết kế quen thuộc\r\nLấy cảm hứng từ chiếc Samsung J7 Pro, Samsung Galaxy A6+ (2018) được hoàn thiện từ chất liệu kim loại nguyên khối và được tô điểm bởi 2 dải ăng ten chữ \"U\" nằm cách điệu trên và dưới ở mặt lưng máy.\r\nCác góc cạnh của máy được bo cong mềm mại, uyển chuyển có chút nữ tính nhưng thay vào đó là khả năng cầm nắm chắc chắn và khá đầm tay.\r\nCảm biến vân tay có thiết kế tương tự như trên Flagship Samsung S9 Plus được người dùng đánh giá cao khi mang đến sự thuận tiện và dễ dàng hơn trong việc mở khóa máy.\r\n\r\nMàn hình rộng 6 inch\r\nMáy được trang bị màn hình kích thước 6 inch với độ phân giải Full HD+ cùng tấm nền Super AMOLED hứa hẹn sẽ mang đến một màu sắc sống động, rực rỡ và vô cùng nịnh mắt.\r\nHơn nữa, với tỉ lệ màn hình 18.5:9 mà Samsung đang áp dụng trên các dòng điện thoại cao cấp của mình sẽ mang đến một không gian trải nghiệm vô cùng rộng rãi nhưng vẫn đảm bảo máy luôn vừa vặn trong lòng bàn tay của bạn.\r\n\r\nHiệu năng khá trong tầm giá\r\nSức mạnh không đến từ con chip Exynos \"cây nhà lá vườn\" mà chính là Snapdragon 450 được trang bị trên Galaxy A6+ (2018) với một hiệu năng ổn định cùng khả năng tiết kiệm năng lượng tối ưu.\r\nKèm theo đó là 4 GB RAM và 32 GB bộ nhớ trong sẽ đảm đương một cách mượt mà với các tác vụ đa nhiệm cùng khả năng lưu trữ game và ứng dụng thoải mái mà không cần đến một thẻ nhớ bổ sung.\r\nBên cạnh đó, máy sẽ được cài sẵn Android 8.0 (Oreo) với nhiều tùy biến cao đến từ Samsung giúp giao diện của máy trở nên thân thiện và hiệu năng được cải tiến.\r\n\r\nẤn tượng về camera\r\nBằng việc được trang bị cụm camera trước có độ phân giải lên đến 24 MP trên Galaxy A6+ (2018) cho thấy được Samsung đang dần chăm chút hơn đến việc cải thiện khả năng chụp ảnh selfie mà các đối thủ của nó đang làm khá tốt.\r\nBên cạnh đó, cụm camera selfie này có thêm nhiều tính năng mới mẻ như có góc chụp rộng, công nghệ Sticker AR cực kì thú vị.\r\n\r\nMột chút về camera sau bao gồm 2 ống kính với độ phân giải là 16 MP và 5 MP cho chất lượng ảnh chụp tương đối khá, cùng với đó là khả năng chụp xóa phông mềm mại, hay chế độ chụp nâng cao như HDR, Panorama.\r\nDung lượng pin 3500 mAh\r\nVới dung lượng pin như trên hứa hẹn máy sẽ cho bạn một thời gian sử dụng tương đối thoải mái trong khoảng 1 ngày mà không cần phải suy nghĩ nhiều.\r\n\r\nNgoài ra, máy còn được trang bị kết nối OTG , 2 Sim 2 sóng cùng khả năng mở khóa bằng khuôn mặt.', 1),
(22, 'Điện thoại Samsung Galaxy A8 (2018)', 10990000, 'https://cdn.tgdd.vn/Products/Images/42/142463/samsung-galaxy-a8-2018-purple-400x460.png', 'Galaxy A8 (2018) là tên gọi mới của chiếc điện thoại Samsung Galaxy A5 mà người dùng vẫn quen thuộc từ trước đến nay, sở dĩ có cái tên gọi mới là vì Samsung muốn đồng nhất giữa dòng Galaxy A và Galaxy S.\r\nThiết kế tinh hoa quen thuộc kế thừa dòng Galaxy S\r\nNhư thường lệ thì điện thoại Samsung dòng A sẽ được kế thừa \"tinh hoa\" từ dòng S đã ra mắt trước đó và Galaxy A8 (2018) cũng không phải là ngoại lệ.\r\nMáy sở hữu thiết kế màn hình tràn viền theo xu thế với cụm phím điều hướng được đưa vào bên trong màn hình.\r\nKhung kim loại cứng cáp và chắc chắn kết hợp với 2 mặt kính tạo nên vẻ đẹp cuốn hút mọi ánh nhìn cho Samsung Galaxy A8 (2018).\r\n\r\nMàn hình hiển thị đẹp sắc nét\r\nMáy sở hữu màn hình có kích thước 5.6 inch độ phân giải Full HD+ (1080 x 2160 pixels), sử dụng tấm nền Super AMOLED.\r\nTỉ lệ màn hình 18.5:9 đem lại không gian trải nghiệm lớn và \"đã\" hơn mặc dù kích thước của máy không tăng lên quá nhiều.\r\n\r\nCamera selfie kép xu hướng\r\nNắm bắt xu thế của những chiếc điện thoại ra mắt thời gian gần đây thì Samsung cũng đưa lên Galaxy A8 (2018) bộ đôi camera kép ở mặt trước với độ phân giải lần lượt là 16 MP và 8 MP.\r\nMáy cũng được tích hợp sẵn chế độ làm đẹp cùng với nhiều tính năng chụp ảnh thông minh hứa hẹn cho bạn những bức ảnh tự sướng ảo diệu.\r\nCamera sau với độ phân giải 16 MP với khả năng lấy nét và lưu ảnh nhanh chóng sẽ giúp bạn bắt trọn từng khoảnh khắc.\r\nHiệu năng ổn định\r\nCung cấp sức mạnh cho máy là con chip Exynos 7885 đi kèm với 4 GB RAM & 32 GB bộ nhớ trong.\r\nMáy chạy trên Android 7.1 đem lại khả năng thực thi các tác vụ nhanh chóng, ít xảy ra giật lag trong quá trình sử dụng.\r\nĐặc điểm nổi bật của Samsung Galaxy A8 (2018)\r\n\r\nTìm hiểu thêm\r\nTìm hiểu thêm\r\nTìm hiểu thêm\r\nTìm hiểu thêm\r\nBộ sản phẩm chuẩn: Hộp, Pin, Sạc, Tai nghe, Sách hướng dẫn, Cây lấy sim, Ốp lưng\r\n\r\nGalaxy A8 (2018) là tên gọi mới của chiếc điện thoại Samsung Galaxy A5 mà người dùng vẫn quen thuộc từ trước đến nay, sở dĩ có cái tên gọi mới là vì Samsung muốn đồng nhất giữa dòng Galaxy A và Galaxy S.\r\nThiết kế tinh hoa quen thuộc kế thừa dòng Galaxy S\r\nNhư thường lệ thì điện thoại Samsung dòng A sẽ được kế thừa \"tinh hoa\" từ dòng S đã ra mắt trước đó và Galaxy A8 (2018) cũng không phải là ngoại lệ.\r\n\r\nThiết kế điện thoại Samsung Galaxy A8 (2018)\r\n\r\nThiết kế cứng cáp với khung viền kim loại, sang trọng với 2 mặt kính\r\n\r\nMáy sở hữu thiết kế màn hình tràn viền theo xu thế với cụm phím điều hướng được đưa vào bên trong màn hình.\r\n\r\nThiết kế điện thoại Samsung Galaxy A8 (2018)\r\n\r\nMáy không quá mỏng nhưng đổi lại cho bạn cảm giác đầm tay khi cầm nắm\r\n\r\nKhung kim loại cứng cáp và chắc chắn kết hợp với 2 mặt kính tạo nên vẻ đẹp cuốn hút mọi ánh nhìn cho Samsung Galaxy A8 (2018).\r\n\r\nMàn hình hiển thị đẹp sắc nét\r\nMáy sở hữu màn hình có kích thước 5.6 inch độ phân giải Full HD+ (1080 x 2160 pixels), sử dụng tấm nền Super AMOLED.\r\n\r\nMàn hình điện thoại Samsung Galaxy A8 (2018)\r\n\r\nMàn hình tỉ lệ 18.5:9 thời thượng\r\n\r\nTỉ lệ màn hình 18.5:9 đem lại không gian trải nghiệm lớn và \"đã\" hơn mặc dù kích thước của máy không tăng lên quá nhiều.\r\n\r\nCamera selfie kép xu hướng\r\nNắm bắt xu thế của những chiếc điện thoại ra mắt thời gian gần đây thì Samsung cũng đưa lên Galaxy A8 (2018) bộ đôi camera kép ở mặt trước với độ phân giải lần lượt là 16 MP và 8 MP.\r\n\r\nCamera selfie điện thoại Samsung Galaxy A8 (2018)\r\n\r\nCamera selfie kép theo xu hướng\r\n\r\nMáy cũng được tích hợp sẵn chế độ làm đẹp cùng với nhiều tính năng chụp ảnh thông minh hứa hẹn cho bạn những bức ảnh tự sướng ảo diệu.\r\n\r\nCamera điện thoại Samsung Galaxy A8 (2018)\r\n\r\nMáy vẫn chỉ có 1 camera ở mặt sau\r\n\r\nCamera sau với độ phân giải 16 MP với khả năng lấy nét và lưu ảnh nhanh chóng sẽ giúp bạn bắt trọn từng khoảnh khắc.\r\n\r\n❝A8 2018 đã mua và sử dụng rất ok pin hơi hao xí nhưng chấp nhận đc. Hài lòng cách phục vụ và sản phẩm ^^!❞\r\n\r\nDuy\r\nĐã mua tại Thế giới di động\r\nHiệu năng ổn định\r\nCung cấp sức mạnh cho máy là con chip Exynos 7885 đi kèm với 4 GB RAM & 32 GB bộ nhớ trong.\r\n\r\nTrải nghiệm hiệu năng trên điện thoại Samsung Galaxy A8 (2018)\r\n\r\nHiệu năng đáp ứng tốt nhu cầu hằng ngày\r\n\r\nMáy chạy trên Android 7.1 đem lại khả năng thực thi các tác vụ nhanh chóng, ít xảy ra giật lag trong quá trình sử dụng.\r\n\r\nTính năng AOD trên điện thoại Samsung Galaxy A8 (2018)\r\n\r\nDung lượng pin đủ dùng trong ngày\r\n\r\nViên pin của A8 (2018) có dung lượng 3000 mAh hứa hẹn cho bạn sử dụng khá thoải mái trong khoảng 1 ngày.\r\nBảo mật khuôn mặt mở máy nhanh chóng\r\nSamsung Galaxy A8 (2018) cũng sở hữu cho mình khả năng nhận diện khuôn mặt để mở khóa đang trở thành trào lưu hiện nay.\r\nNgoài ra máy cũng có cảm biến vân tay được đặt ở mặt lưng, phía dưới camera giúp bạn có nhiều lựa chọn hơn trong sử dụng.', 1),
(23, 'Điện thoại Samsung Galaxy A8 Star', 12590000, 'https://cdn.tgdd.vn/Products/Images/42/166247/samsung-galaxy-a8-star-black-400x460.png', 'Samsung Galaxy A8 Star là một biến thể mới của dòng A trong gia đình Samsung với sự nâng cấp vượt trội về camera cũng như thay đổi trong thiết kế.\r\nThiết kế mang vẻ đẹp hiện đại\r\nĐiện thoại Samsung mới sở hữu thiết kế vẫn khá quen thuộc với thân hình có phần nam tính, mạnh mẽ và hiện đại, đan xen một chút mềm mại đến từ các góc cạnh và mặt lưng của máy.\r\nĐiểm đáng chú ý nhất có lẽ là cụm camera kép phía sau nay đã được đặt dọc về một phía tương tự như thiết kế của iPhone X và một số điện thoại khác.\r\nTuy nhiên, cảm biến vân tay lại nằm ở vị trí khá cao, điều này sẽ gây ra một chút bất tiện cho những bạn có bàn tay nhỏ mà không thể với tới khi cầm máy bằng một tay.\r\nBù lại thì không gian trải nghiệm mặt trước được tối ưu với màn hình kích thước 6.3 inch trên tỷ lệ 18.5:9 sẽ khiến bạn phải mê mẩn mỗi khi xem phim hay lướt web.\r\nBên cạnh đó là tấm nền Super AMOLED cùng độ phân giải Full HD+ đem lại độ tương phản cao, màu sắc nịnh mắt và sắc nét đến từng chi tiết giúp trải nghiệm của bạn được nâng cao hơn.\r\nHiệu năng mạnh mẽ\r\nSức mạnh của A8 Star khá ấn tượng đến từ Snapdragon 660 mạnh mẽ mang lại khả năng xử lý các tác vụ mượt mà và nhanh chóng.\r\nHơn nữa, với 4 GB RAM cùng 64 GB bộ nhớ trong sẽ đảm bảo cho bạn trong việc chạy đa nhiệm hay lưu trữ được ổn định và thoải mái nhất.\r\nVới Android 8.0 (Oreo) được tùy biến và bổ sung nhiều tính năng mới thì mọi trải nghiệm của bạn sẽ trở nên thú vị và đơn giản hơn đáng kể.\r\nCamera chất lượng cao\r\nMột trong những điểm mạnh của A8 Star phải kể đến đó chính là camera sau có độ phân giải cao lên đến 24 MP + 16 MP tích hợp nhiều công nghệ chụp ảnh hiện đại và xoá phông tuyệt đỉnh.\r\nChất lượng ảnh chụp cho ra sẽ làm bạn cảm thấy hài lòng với độ sáng cao, màu sắc rực rỡ, sống động và các chi tiết được tái tạo rõ nét.\r\nChưa dừng lại ở đó, camera trước của máy cũng ấn tượng không kém khi có độ phân giải khủng lên đến 24 MP tích hợp công nghệ Sticker AR để bạn có thể ảo diệu và lung linh hơn mỗi khi chụp ảnh tự sướng với bạn bè.\r\nDung lượng pin khủng\r\nMáy được trang bị viên pin 3700 mAh có hỗ trợ công nghệ sạc nhanh, hứa hẹn sẽ cho bạn một thời gian sử dụng tương đối thoải mái trong khoảng 1 ngày với các tác vụ cơ bản.\r\nNgoài ra, đi kèm theo đó là những tính năng như: bảo mật bằng khuôn mặt, hỗ trợ 4G tốc độ cao hay chế độ Always On Display hiện đại.', 1);
INSERT INTO `sanpham` (`masanpham`, `tensanpham`, `giasanpham`, `hinhanhsanpham`, `motasanpham`, `maloaisanpham`) VALUES
(24, 'Laptop Dell Inspiron 3576 i5', 14690000, 'https://cdn.tgdd.vn/Products/Images/44/166521/dell-inspiron-3576-p63f002n76f-450-600x600.png', 'Laptop Dell Inspiron 3576 i5 8250U là phiên bản máy tính xách tay phục vụ cho người dùng làm trong các ngành nghề thuộc phân khúc học tập - văn phòng. Máy trang bị với RAM 4 GB cùng chip Intel Core i5 thể hiện được sức mạnh cấu hình của sản phẩm.\r\nThiết kế truyền thống\r\nDell Inspiron 3576 màu sắc sang trọng  hướng đến các đối tượng doanh nhân, học sinh, sinh viên.\r\n\r\nVỏ được làm bằng nhựa nhám bao bọc giúp cho máy hạn chế được bụi bẩn, trầy xước cũng như chịu va chạm tốt trong quá trình sử dụng. Máy có trọng lượng tương đối nhẹ, vì vậy chúng ta có thể mang theo bên mình khi làm việc ngoài các không gian khác.\r\nMáy hoạt động ra sao?\r\nĐể kiểm tra độ hoạt động của những chiếc laptop thường người ta sẽ thử nghiệm với các game, vì game thường đòi hỏi tài nguyên hoạt động của máy tính khá cao. Vì vậy, với laptop Dell Core i5 thế hệ 8, xung nhịp 1.6 Ghz khá tốt cùng với ổ cứng lưu trữ HDD 1 TB sẽ giúp máy đáp ứng đầy đủ nhu cầu về xem phim, chơi game.\r\nMàn hình rộng trải nghiệm giải trí hoàn hảo\r\nMẫu laptop Dell này sở hữu màn hình 15.6 inch cùng với đó là độ phân giải Full HD (1920 x 1080) cho hình ảnh rõ nét, chi tiết.\r\nKhả năng trình chiếu, kết nối\r\nMáy có ổ đĩa quang giúp bạn xem phim hay học tiếng Anh với đĩa DVD dễ dàng hơn. Một điểm cộng tiếp theo máy vẫn trang bị cổng mạng LAN giúp bạn kết nối tiện lợi với internet khi Wi-Fi yếu. Kèm theo cổng USB 2.0 là 2 x USB 3.0 giúp truyền tải dữ liệu nhanh hơn. Thêm nữa, cổng HDMI cho phép kết nối với tivi hoặc máy chiếu tiện lợi.\r\nTouchpad đa cách sử dụng\r\nTouchpad thông minh giúp người sử dụng thao tác kéo thả, phóng to, thu nhỏ dễ dàng hơn rất nhiều.', 2),
(25, 'Laptop Dell Inspiron 5468 i5', 15990000, 'https://cdn.tgdd.vn/Products/Images/44/103730/dell-inspiron-5468-k5cdp11-cava-600x600.jpg', 'Dell Inspiron 5468 i5 7200U là chiếc laptop tập trung vào khả năng xử lý hình ảnh đồ họa 3D cho game thủ hay những người làm công việc thiết kế.\r\nTích hợp card đồ họa rời xử lý hình ảnh AMD Radeon R7 M440\r\nCùng với đó vi xử lý core i5 thuộc thế hệ thứ 7 KabyLake mới nhất với nhiều cải tiến giúp máy chạy nhanh nhạy hơn hẳn nhưng vẫn tiết kiệm năng lượng.\r\n\r\nĐiểm chính của máy chính là card đồ họa rời AMD Radeon R7 M440 sử dụng riêng dung lượng RAM nên cho khả năng xử lý tốt hơn hẳn so với card tích hợp.\r\n\r\nDell Inspiron 5468 i5 7200U chính là sự lựa chọn ưu tiên cho những bạn học về ngành vẽ đồ họa, thiết kế, cần chạy các ứng dụng Adobe nặng.\r\nMàn hình 14 inch độ phân giải HD\r\nCông nghệ màn hình chống chói giúp hình ảnh sáng và thể hiện màu sắc khá trung thực khi dùng máy ngoài trời.\r\nTích hợp công nghệ xử lý âm thanh độc quyền của hãng MaxxAudio\r\n2 cặp loa nằm cạnh trước máy giúp âm thanh phát ra trực diện hơn.\r\nTouchpad đa chạm\r\nGiúp tối ưu hóa việc điều khiển máy mà không cần đến chuột máy tính.\r\n', 2),
(26, 'Laptop Dell Vostro 5568 i5', 16490000, 'https://cdn.tgdd.vn/Products/Images/44/89025/dell-vostro-5568-077m52-vangdong-450x300-450x300.png', 'Máy tính xách tay Dell Vostro 5568 i5 7200U là phiên bản với màn hình lớn hơn 15.6 inch so với Vostro 5468 cùng một cấu hình mạnh mẽ bên trong.\r\nThoải mái chiến game cùng công việc\r\nĐược tích hợp chip xử lý core i5 Kaby Lake, tốc độ CPU 2.5 GHz và có thể tăng tốc lên tối đa 3.1 GHz nhờ tính năng Turbo Boost.\r\n\r\nRAM 4 GB và có thể nâng lên tối đa 16 GB, đặc biệt ổ cứng lưu trữ HDD lên đến 1 TB không gian lưu trữ thoải mái.\r\nMàn hình 15.6 inch lớn hơn\r\nTrải nghiệm âm thanh tốt hơn với công nghệ xử lý độc quyền MaxxAudio\r\nTouchpad đa cách sử dụng', 2),
(27, 'Điện thoại Samsung Galaxy A8+ (2018)', 13490000, 'https://cdn.tgdd.vn/Products/Images/42/142465/samsung-galaxy-a8-plus-2018-gold-400x460.png', 'Samsung Galaxy A8+ (2018) là phiên bản lớn hơn của chiếc Samsung Galaxy A8 (2018) phù hợp với những bạn yêu thích điện thoại có màn hình lớn và thời lượng pin bền bỉ.\r\nThiết kế sang trọng với viền mỏng\r\nĐiện thoại Samsung mới này sở hữu bộ khung kim loại chạy xung quanh máy được bo tròn tinh tế hơn, mang lại sự thoải mái tuyệt đối khi cầm trên tay và thao tác.\r\nTỉ lệ màn hình mới giúp các viền màn hình mỏng đi đáng kể, cùng với đó là cụm phím điều hướng cơ bản trên Android được đưa vào trong màn hình.\r\n\r\nMàn hình hiển thị sắc nét\r\nVới kích thước lên tới 6 inch độ phân giải Full HD+ (1080 x 2220 pixels), điện thoại đem lại cho bạn khả năng hiển thị sắc nét.\r\nTấm nền Super AMOLED được sử dụng cho độ sáng cao cùng màu sắc rực rỡ.\r\n\r\nCấu hình mạnh mẽ\r\nSamsung Galaxy A8+ (2018) dùng chip Exynos 7885 đi kèm với 6 GB RAM & 64 GB bộ nhớ trong. Máy cho khả năng chiến game nặng tốt, hỗ trợ các tác vụ công việc hằng ngày nhanh nhạy hơn so với bản A7 (2017) cũ.\r\nMáy cũng hỗ trợ khe cắm thẻ nhớ mở rộng với dung lượng tối đa lên tới 256 GB cùng kết nối 4G LTE tốc độ cao giúp bạn truy cập internet nhanh chóng, mọi lúc mọi nơi.\r\nCamera có nhiều sự cải tiến\r\nNắm bắt xu thế của những chiếc điện thoại ra mắt thời gian gần đây thì Samsung cũng đưa lên Galaxy A8+ (2018) bộ đôi camera kép ở mặt trước với độ phân giải lần lượt là 16 MP và 8 MP.\r\nMáy cũng được tích hợp sẵn chế độ làm đẹp cùng với nhiều tính năng chụp ảnh thông minh hứa hẹn cho bạn những bức ảnh tự sướng ảo diệu.\r\nCamera sau với độ phân giải 16 MP với khả năng lấy nét và lưu ảnh nhanh chóng sẽ giúp bạn bắt trọn từng khoảnh khắc.\r\n\r\nNhiều tính năng hữu ích\r\nCổng USB Type-C được trang bị sẵn trên A8+ (2018) đi kèm nó là công nghệ sạc pin nhanh.\r\n\r\nNgoài ra chuẩn Type-C có tốc độ truyền tải dữ liệu của chuẩn 3.1 với tốc độ tối đa lên đến 10 Gbps, gấp đôi 3.0 và tương đương chuẩn Thunderbolt.\r\nMáy được tích hợp bảo mật khuôn mặt mở khoá nhanh chóng. Đồng thời, cảm biến vân tay ở mặt sau tiện thao tác và bảo mật thông tin dữ liệu an toàn.', 1),
(28, 'Điện thoại Samsung Galaxy S8 Plus', 17990000, 'https://cdn.tgdd.vn/Products/Images/42/91131/samsung-galaxy-s8-plus-tim-2-400x460.png', 'Galaxy S8 và Galaxy S8 Plus hiện đang là chuẩn mực smartphone về thiết kế trong tương lai. Sau nhiều ngày được sử dụng, mình xin chia sẻ những cảm nhận chi tiết nhất về chiếc Galaxy S8 Plus - chiếc điện thoại Samsung đang có doanh số đặt hàng khủng nhất hiện tại.\r\nTrải nghiệm màn hình lớn, chứ không phải là một thiết bị kích thước lớn\r\nNăm nay, các nhà sản xuất Hàn Quốc như LG và Samsung đã đi tiên phong với màn hình tỉ lệ 18:9 hay 18,5:9, tối ưu hết mức viền màn hình. Và điện thoại S8 Plus cũng vậy, người dùng sẽ có một trải nghiệm màn hình lớn chứ không phải là một thiết bị kích thước lớn.\r\nKhông những mặt trước bo cong mà mặt kính sau cũng mềm mại, ôm gọn trong bàn tay. Cảm giác cầm nắm S8 Plus thật sự rất dễ chịu, dường như không thấy chút cấn nào ngay cả với chi tiết nhỏ nhất. Tuy nhiên, kích thước 6.2 inch khiến cho việc dùng vân tay của mình khá là khó khăn.\r\nTrong quá trình sử dụng, đôi khi mình hay ấn nhầm nút volume và Bixby trong những ngày đầu, do Samsung thiết kế vị trí khá gần nhau.\r\nMàn hình vô cực, trải nghiệm thật đã\r\nGalaxy S8 Plus được trang bị màn hình 6.2 inch độ phân giải 2K+, tỉ lệ 18,5:9 trên tấm nền Super AMOLED. Với nhiều công nghệ đi kèm đặc biệt là HDR10 khiến cho góc nhìn rộng, độ sáng cao, màu đen sâu cùng tương phản màu sắc đỉnh, không có gì để phàn nàn về màn hình trên S8 Plus.\r\nViệc thay thế nút home vật lý bằng phím điều hướng màn hình trên S8 Plus mình thấy bình thường không gây khó  khăn gì trong quá trình sử dụng.\r\nNếu ngại màn hình to khó thao tác ngoài đường, không sao, Galaxy S8 Plus vẫn hỗ trợ tính năng màn hình nhỏ để thao tác một tay.\r\nNgoài ra, Samsung cũng cho phép tùy biến thanh điều hướng với việc thay đổi vị trí, màu sắc cũng như tốc độ phản hồi nút home.\r\nCamera cải thiện, nhưng Samsung không hề nói ra\r\nNếu nhìn sơ qua, Galaxy S8 hay S8 Plus đều không quá khác biệt với người tiền nhiệm S7. Vẫn là độ phân giải 12 MP, khẩu độ F/1.7, công nghệ lấy nét Dual-pixel quá nhanh quá nguy hiểm cùng kích thước cảm biến lớn 1.4 micromet.\r\nTuy nhiên, sự nâng cấp của Samsung khá âm thầm và chủ yếu là chất lượng thấu kính. Mình rất hài lòng về camera trên Galaxy S8 Plus, với mình nó xứng đáng là một chiếc camera-phone auto xếp hàng top cao.\r\n\r\nCác bạn có thể xem một vài hình ảnh mình chụp từ Galaxy S8 Plus:\r\nThuật toán xử lý trong nhiều tình huống đều tương đồng người tiền nhiệm Galaxy S7, tuy nhiên sự khác nhau đến từ chế độ HDR mang lại một bức ảnh có dải nhạy sáng tuyệt vời. Chưa kể việc flare tím hay thấy khi chụp có tia đèn trên camera Galaxy S7 hay dòng A 2017, đã hoàn toàn được khắc phục trên cảm biến S5K2L2 của Galaxy S8 Plus.\r\n\r\nTrải nghiệm người dùng cùng Samsung Experience 8.1\r\nMình sẽ không nói quá nhiều về hiệu năng nữa, do Galaxy S8 Plus chạy trên con chip Exynos 8895 cùng 4 GB RAM, 64 GB bộ nhớ trong nên mọi tác vụ đều rất mượt mà.\r\nMáy đang được chạy trên nền Android 7.0 cùng giao diện Samsung Experience 8.1 tuy lạ mà quen. Mọi tính năng từ Grace UX trên S7 Edge đều giống hệt.\r\nNgoài ra, vấn đề việc tối ưu màn hình 18.5:9 trên S8 Plus cũng không ổn định như kì vọng. Nhiều ứng dụng dù đã cho phép phóng tỉ lệ nhưng vẫn trơ ra, ví dụ như game Dota truyền kì mình đang chơi.\r\nMột điểm mới trên Galaxy S8 và S8 Plus chính là cô trợ lý ảo Bixby, nghe có vẻ hay nhưng thực chất không hữu ích lắm ở Việt Nam. \r\nThời lượng pin trên cả mong đợi\r\nKhi sử dụng màn hình 6.2 inch kèm độ phân giải 2K+, nhưng viên pin chỉ 3.500 mAh khiến nhiều người hoài nghi về thời lượng pin trên Galaxy S8 Plus. Nhưng sau vài ngày sử dụng, mình chỉ biết thốt lên 2 chữ: \"Quá đỉnh!!\".\r\nTrong ngày đầu tiên mình dùng 4G liên tục và hầu như chiếm 3/4 thời gian sử dụng, Galaxy S8 Plus có thể trụ với thời gian onscreen gần 6 giờ. Cảm thấy có điều gì đó sai sai, mình chuyển sang dùng wifi hẳn và máy cho thời gian onscreen gần 7 giờ. Thật kinh khủng!\r\nKhi sử dụng máy cực kì mát, chỉ ấm nhẹ khi chơi game hay bật 4G. Mình rất bất ngờ về thời gian sử dụng trên chiếc Galaxy S8 Plus này.\r\n\r\nSiêu phẩm hoàn hảo nhất 2017?\r\nTổng kết lại, chúng ta có một chiếc máy màn hình to 6.2 inch nhưng kích thước chỉ ngang các máy 5.7 inch hay thậm chí là 5.5 inch. Đi kèm theo đó là hiệu năng tốt, camera chất lượng, thời lượng pin xuất sắc và Samsung Experience mượt mà.', 1),
(29, 'Điện thoại Samsung Galaxy S9', 19990000, 'https://cdn.tgdd.vn/Products/Images/42/113263/samsung-galaxy-s9-black-400x460-400x460.png', 'Siêu phẩm Samsung Galaxy S9 chính thức ra mắt mang theo hàng loạt cải tiến, tính năng cao cấp như camera thay đổi khẩu độ, quay phim siêu chậm 960 fps, AR Emoji... nhanh chóng gây sốt làng công nghệ.\r\nThiết kế cao cấp, sang trọng\r\nChiếc điện thoại Samsung mới này vẫn đi theo triết lí thiết kế tương tự như Galaxy S8 với khung viền kim loại cứng cáp cùng mặt lưng kính bóng bẩy bo cong mềm mại. Đặc biệt, phần khung viền của Galaxy S9 được hoàn thiện bằng kim loại nhám giúp cầm nắm chắc tay tốt hơn hẳn, chứ không bóng loáng như thời S8.\r\nĐiểm thay đổi lớn nhất trong phần thiết kế Galaxy S9 đến từ cụm camera và cảm biến vân tay một chạm đằng sau lưng. Samsung đã mang vị trí vân tay xuống dưới camera, tương tự như trên điện thoại Galaxy A8 và A8+ 2018.\r\nMàn hình vô cực viền mỏng hơn\r\nGalaxy S9 có kích thước màn hình vô cực tỉ lệ 18.5:9, giữ nguyên so với người tiền nhiệm, cụ thể là 5.8 inch. Sử dụng tấm nền Super AMOLED như truyền thống trước giờ của các flagship Samsung, độ phân giải 2K+ đi cùng công nghệ hiển thị HDR 10 ấn tượng.\r\nCamera Galaxy S9 có thể thay đổi tiêu cự\r\nCó thể nói camera chính là yếu tố Samsung nhấn mạnh trên Galaxy S9 lần này, vẫn sở hữu camera chính 12 MP - khẩu độ F/1.5, cải tiến với công nghệ lấy nét Dual Pixel 2.0 mới. Đặc biệt có thể thay đổi khẩu độ tuỳ theo ý thích tương tự như trên các máy DSLR hay Mirrorless.\r\nBiểu cảm khuôn mặt AR Emoji\r\nTính năng hoàn toàn mới trên Samsung S9 cho phép người dùng tự tạo nên những biểu tượng cảm xúc từ chính khuôn mặt, cảm xúc của mình, chia sẻ nhanh với bạn bè vui vẻ và đặc biệt hơn rất nhiều.\r\nCấu hình vẫn mạnh mẽ, hỗ trợ tốt AI \r\nSamsung Galaxy S9 năm nay tiếp tục được sở hữu vi xử lý mới nhất Exynos 9810 chú trọng nhiều hơn về trí tuệ nhân tạo AI, đồng thời xử lý các tác vụ nặng khác như quay Super Slowmotion 960 khung hình/giây, AR Emoji,... Bộ nhớ RAM đạt 4 GB và bộ nhớ trong 64 GB.\r\nLoa kép tinh chỉnh bởi AKG\r\nNếu như Galaxy S8 và cả Note 8 chưa được Samsung chú tâm nhiều về công nghệ âm thanh hay phần cứng, thì năm nay Galaxy S9 đã chính thức sở hữu phần cứng loa kép stereo được tinh chỉnh bởi AKG.\r\nBảo mật hoàn hảo hơn\r\nGalaxy S9 được trang bị công nghệ Intelligent Scan, hay còn gọi là quét thông minh, được Samsung tích hợp vào cảm biến mống mắt lẫn camera selfie. Từ đó khả năng nhận diện và mở khoá khuôn mặt trở nên chính xác và an toàn hơn so với trình mặc định của Android.', 1),
(30, 'Điện thoại Samsung Galaxy Note 8', 19990000, 'https://cdn.tgdd.vn/Products/Images/42/106211/samsung-galaxy-note8-black-400x460.png', 'Galaxy Note 8 là niềm hy vọng vực lại dòng Note danh tiếng của điện thoại Samsung với diện mạo nam tính, sang trọng. Máy trang bị camera kép xóa phông thời thượng, màn hình vô cực như trên S8 Plus, bút S Pen cùng nhiều tính năng mới và nhiều công nghệ được ưu ái.\r\nMàn hình vô cực hiện đại tiên tiến\r\nDù được giới thiệu là màn hình lên tới 6.3 inch nhưng thực sự khi cầm điện thoại Note 8 trên tay rất nhỏ gọn nhờ vào công nghệ \"màn hình vô cực\" tiên tiến nhất hiện nay của Samsung.\r\nCác cạnh bên máy được làm cong đều khiến mình khi cầm có cảm giác ôm tay rất thoải mái và không hề bị cấn.\r\nCả mặt trước và mặt sau máy đều được phủ kín bằng lớp kính phản chiếu rất đẹp như đã từng xuất hiện ở bộ đôi S8/S8+.\r\nCấu hình mạnh mẽ bậc nhất\r\nĐiện thoại Samsung Galaxy Note 8 được cài sẵn hệ điều hành Android Nougat đi kèm với giao diện Samsung Experience mới nhất. Theo nhiều người dùng đánh giá thì đây có thể nói là bộ giao diện đẹp và hiệu quả nhất của Samsung tới tận bây giờ.\r\nVới cấu hình khủng long Exynos 8895 8 nhân và RAM 6 GB, Note 8 hỗ trợ chạy đa nhiệm rất tốt, đáp ứng hầu hết các nhu cầu chơi game 3D nặng.\r\n\r\nCamera kép xoá phông chuẩn xác\r\nCamera kép xóa phông trên Note 8 có thể nói là ... cảm giác như mình đang sử dụng một chiếc máy ảnh thực thụ vậy.\r\nSự đặc biệt ở SPen thần thánh\r\nSuýt nữa thì quên không nhắc tới S-Pen thần thánh, chiếc bút đã làm nên thương hiệu của dòng Note.\r\nNhư thường lệ thì S-Pen sẽ càng ngày càng \"khôn\" với những tính năng như viết ngay cả khi màn hình đã tắt, live message,... và điều thú vị nữa là S-Pen sẽ có cùng với màu máy luôn. Khỏi sợ đụng hàng nha.\r\nCuối cùng là pin 3.300 mAh trên Note 8 được cho là đuối hơn so với S8+ nhưng qua một số bài thử nghiệm cho thấy, khả năng trụ vững của Note 8 cũng khá đáng nể, khi vượt qua cả iPhone 7 Plus và Galaxy S8.', 1),
(31, 'Điện thoại Samsung Galaxy A8+ (2018)', 13490000, 'https://cdn.tgdd.vn/Products/Images/42/142465/samsung-galaxy-a8-plus-2018-gold-400x460.png', 'Samsung Galaxy A8+ (2018) là phiên bản lớn hơn của chiếc Samsung Galaxy A8 (2018) phù hợp với những bạn yêu thích điện thoại có màn hình lớn và thời lượng pin bền bỉ.\r\nThiết kế sang trọng với viền mỏng\r\nĐiện thoại Samsung mới này sở hữu bộ khung kim loại chạy xung quanh máy được bo tròn tinh tế hơn, mang lại sự thoải mái tuyệt đối khi cầm trên tay và thao tác.\r\nTỉ lệ màn hình mới giúp các viền màn hình mỏng đi đáng kể, cùng với đó là cụm phím điều hướng cơ bản trên Android được đưa vào trong màn hình.\r\n\r\nMàn hình hiển thị sắc nét\r\nVới kích thước lên tới 6 inch độ phân giải Full HD+ (1080 x 2220 pixels), điện thoại đem lại cho bạn khả năng hiển thị sắc nét.\r\nCấu hình mạnh mẽ\r\nSamsung Galaxy A8+ (2018) dùng chip Exynos 7885 đi kèm với 6 GB RAM & 64 GB bộ nhớ trong. Máy cho khả năng chiến game nặng tốt, hỗ trợ các tác vụ công việc hằng ngày nhanh nhạy hơn so với bản A7 (2017) cũ.\r\nMáy cũng hỗ trợ khe cắm thẻ nhớ mở rộng với dung lượng tối đa lên tới 256 GB cùng kết nối 4G LTE tốc độ cao giúp bạn truy cập internet nhanh chóng, mọi lúc mọi nơi.\r\nCamera có nhiều sự cải tiến\r\nNắm bắt xu thế của những chiếc điện thoại ra mắt thời gian gần đây thì Samsung cũng đưa lên Galaxy A8+ (2018) bộ đôi camera kép ở mặt trước với độ phân giải lần lượt là 16 MP và 8 MP.\r\nCamera sau với độ phân giải 16 MP với khả năng lấy nét và lưu ảnh nhanh chóng sẽ giúp bạn bắt trọn từng khoảnh khắc.\r\n\r\nNhiều tính năng hữu ích\r\nCổng USB Type-C được trang bị sẵn trên A8+ (2018) đi kèm nó là công nghệ sạc pin nhanh.\r\n\r\nNgoài ra chuẩn Type-C có tốc độ truyền tải dữ liệu của chuẩn 3.1 với tốc độ tối đa lên đến 10 Gbps, gấp đôi 3.0 và tương đương chuẩn Thunderbolt.\r\nMáy được tích hợp bảo mật khuôn mặt mở khoá nhanh chóng. Đồng thời, cảm biến vân tay ở mặt sau tiện thao tác và bảo mật thông tin dữ liệu an toàn.', 1),
(32, 'Laptop Dell Vostro 3578 i5', 16690000, 'https://cdn.tgdd.vn/Products/Images/44/166856/dell-vostro-3578-p63f002v78b-450-600x600.jpg', 'Dell Vostro 3578 nằm trong dòng sản phẩm được ra mắt trong năm 2018 của Dell có cấu hình khá tốt. Chiếc laptop còn sử dụng card đồ hoạ rời Radeon phù hợp để làm đồ hoạ hay chơi game khá tốt.\r\nThiết kế vỏ nhựa chắc chắn\r\nVẫn giữ lại thiết kế khá quen thuộc của dòng Vostro từ Dell với vỏ nhựa chắc chắn. Thân máy cứng cáp giúp bạn yên tâm sử dụng hơn. Phần vỏ đen giúp thiết kế tổng thể của máy đẹp và mạnh mẽ.\r\nCấu hình tầm trung\r\nSử dụng vi xử lý Core i5 8250U thế hệ 8 cùng 4 GB RAM dư dùng với người dùng phổ thông. Chiếc laptop đến từ Dell có thể chạy tốt các ứng dụng, phần mềm cho công việc, học tập. Ngoài ra việc bổ sung card đồ hoạ Radeon 520 cũng làm máy chạy tốt hơn các phần mềm yêu cầu đồ hoạ như chỉnh sửa ảnh, video hay chơi game ở mức cấu hình tầm trung.\r\nMàn hình 15.6 inch Full HD\r\nMàn hình của máy có kích thước 15.6 inch cùng với độ phân giải Full HD sắc nét, hiển thị màu sắc hài hoà cùng khả năng xem phim giải trí tốt. Ngoài ra, màu sắc hiển thị khá chính xác trên máy cũng giúp bạn tiết kiệm thời gian khi xem hình ảnh trên máy. Phù hợp với công việc cần độ chính xác màu cao.\r\nBàn phím tích hợp dãy số\r\nSử dụng bàn phím có dãy phím số bên cạnh, tiện lợi khi bạn cần gõ số nhanh phù hợp cho công việc phải tính toán nhiều với các con số. Phím bấm có độ nảy tốt và độ bền cao khi sử dụng trong thời gian dài.\r\nCổng kết nối tiện ích\r\nTrang bị đầy đủ các cổng kết nối cần cho người dùng phổ thông như USB, xuất hình qua cổng HDMI và cổng kết nối dây mạng.', 2),
(33, 'Laptop Dell Inspiron 5567 i5', 16790000, 'https://cdn.tgdd.vn/Products/Images/44/93702/dell-inspiron-5567-i5-7200u-den-10-450x300-450x300.png', 'Dell Inspiron 5567 i5 7200U là phiên bản nâng cấp với RAM 4 GB cùng card màn hình rời AMD hỗ trợ lên đến 2 GB, là chiếc máy tính xách tay thích hợp dành cho việc giải trí.\r\nMáy có thể chơi được những game nào?\r\nVới vi xử lý Intel Core i5 Kaby Lake, xung nhịp 2.50 Ghz khá tốt cùng với ổ cứng lưu trữ HDD 1 TB, máy đáp ứng đầy đủ nhu cầu về xem phim, chơi game.\r\nTrải nghiệm thực tế với tựa game \"Xuất Kích\": Một thể loại game bắn súng có đồ hoạ khá, khi chơi game ở chế độ cao nhất xuyên suốt 30 phút mà máy không xảy ra hiện trạng giật “lag” gì cả.\r\n\r\nLưu ý: Bạn nên thêm game vào Card AMD để được hỗ trợ tối đa về hiệu năng.\r\n\r\nMàn hình rộng trải nghiệm giải trí hoàn hảo\r\nMàn hình 15.6 inch cùng với đó là độ phân giải Full HD cho hình ảnh rõ nét tốt hơn.\r\nMáy hỗ trợ tốt nhu cầu làm việc và học tập\r\nVới cấu hình như trên, không quá khó để máy có thể vận hành một cách nhanh chóng các ứng dụng: Văn phòng (Office, phần mềm kế toán…).\r\nTrải nghiệm thực tế: Mở file Excel có dung lượng hơn 3 MB, máy mất khoảng 5 giây để mở. Tương tự khoảng 3 giây để mở đầy đủ file Powerpoint trình chiếu.\r\n\r\nCác phần mềm đồ họa, thiết kế, xử lý ảnh\r\nVới cấu hình khá mạnh mẽ máy xử lý tốt các ứng dụng đồ họa như: Photoshop, CorelDraw, AutoCad…\r\nTrải nghiệm thực tế: Với 2 phần mềm Photoshop CS5 và Adobe Illustrator cho thấy khi thao tác thiết kế, xử lý khá mượt mà, 60 phút sử dụng liên tục không thấy xuất hiện tình trạng giật hay ”lag”.\r\nKèm theo cổng USB 2.0 thường máy trang bị 2 cổng USB chuẩn 3.0 giúp truyền tải dữ liệu nhanh hơn. Kết nối dễ dàng hơn đến các máy in hoặc máy scan.\r\n\r\nCổng HDMI cho phép kết nối với tivi hoặc máy chiếu.\r\n\r\nThời gian dùng pin 3 cell\r\nKhông có cụ thể thời gian sử dụng pin chính xác nào từ hãng. Tuy nhiên với các nhu cầu hỗn hợp: Lướt web, Facebook, nghe nhạc, xem phim, chế độ chờ,... Máy có thể chiến được khoảng hơn 2 giờ.\r\nKết luận\r\nMáy hỗ trợ đầy đủ mọi nhu cầu: Học tập, giải trí, làm việc... Đây là dòng sản phẩm hỗ trợ các bạn chơi game tốt.', 2),
(34, 'Laptop Dell Inspiron 5570 i5', 17990000, 'https://cdn.tgdd.vn/Products/Images/44/162914/dell-inspiron-5570-m5i5238w-office365-dai-dien-450x300-600x600.jpg', 'Dell Inspiron 5570 là một trong những dòng laptop đầu tiên của năm nay được Dell trang bị cấu hình mới với dòng chip Intel KabyLake Refresh vượt trội về mặt hiệu năng so với những thế hệ trước.\r\nThiết kế tinh tế, đẳng cấp\r\nTổng thể Dell Inspiron 5570 được hoàn thiện từ chất liệu vỏ nhựa nhưng nhìn khá giống với vỏ kim loại  sang trọng. Máy chỉ mỏng 22.7 mm và nặng 2.3 kg cũng không quá khó khăn trong việc mang máy di chuyển.\r\nCấu hình vượt trội\r\nCó ngoại hình mảnh mai nhưng bên trong laptop Dell là một cơ bắp khỏe mạnh. Máy được trang bị CPU Intel Core i5 thế hệ thứ 8 nhanh hơn khi sử dụng bộ xử lý thế hệ 7, cùng với 4 GB RAM DDR4, ổ cứng HDD 1 TB có khả năng nâng cấp ổ cứng SSD M.2.\r\nMàn hình\r\nBạn sẽ được thưởng thức các chi tiết hiển thị sắc nét trên Dell Core i5 với màn hình 15,6 inch Full HD và tính năng chống chói để xem mọi thứ tốt hơn, đặc biệt là bên ngoài trời hoặc trong ánh sáng chói chang.\r\nChiếu sáng công việc của bạn\r\nDell Inspiron N5570 tích hợp bàn phím backlit tiêu chuẩn đi kèm, cho phép bạn gõ thuận tiện trong môi trường ánh sáng lờ mờ. Một bàn phím có sẵn rất dễ dàng để đính kèm hoặc loại bỏ cho phù hợp với sự thoải mái của bạn.\r\nCổng kết nối phong phú\r\nLaptop này vẫn trang bị đầy đủ cổng kết nối như 2 x USB 3.0 truy xuất dữ liệu tốc độ cao, 1 x USB 2.0, HDMI truyền màn hình sắc nét.', 2),
(35, 'Laptop Dell Vostro 3578 i7', 20990000, 'https://cdn.tgdd.vn/Products/Images/44/166602/dell-vostro-3578-ngmpf11-450x300-600x600-600x600.jpg', 'Laptop Dell Vostro 3578 là dòng máy tính xách tay mới của Dell trong năm 2018 với cấu hình cực cao bao gồm vi xử lý i7 8550U thế hệ thứ 8 có hiệu năng vượt trội, card màn hình rời Radeon 520 và 8 GB RAM. Với cấu hình mạnh mẽ máy có thể chạy tốt các ứng dụng phục vụ cho công việc, học tập, xử lý đồ hoạ cũng như chơi game ở mức cấu hình tầm trung khá mượt mà.\r\nThiết kế truyền thống cứng cáp\r\nVẫn giữ nguyên thiết kế quen thuộc trên dòng máy Vostro chiếc laptop có phần thân máy khá chắc chắn với vỏ nhựa và màu đen mạnh mẽ. Phần tản nhiệt lớn cũng giúp cho máy hoạt động mát mẻ trong thời gian dài, không bị nóng quá nhiều khi chạy các ứng dụng nặng.\r\nHiệu năng mạnh mẽ\r\nĐiểm nâng cấp đáng kể nhất của Dell Vostro năm nay nằm ở phần cấu hình với Core i7 thế hệ thứ 8 cho hiệu năng khá vượt trội so với thế hệ cũ, nó còn tiết kiệm pin hơn mang lại thời gian sử dụng pin dài hơn. Dell còn trang bị cho Vostro đến 8 GB RAM cùng card đồ hoạ rời đảm bảo cho máy chạy tốt các ứng dụng phục vụ cho công việc cũng như giải trí một cách mượt mà, không có độ trễ.\r\nMàn hình Full HD 15.6 inch\r\nTrang bị màn hình 15.6 inch độ phân giải Full HD giúp máy hiển thị rõ nét hơn. Màn hình còn được phủ một lớp chống chói giúp hiển thị tốt trong môi trường có nhiều ánh sáng mạnh như ngoài trời, phòng có nhiều đèn. Màn hình Full HD còn giúp bạn xem phim, hình ảnh sắc nét hơn.\r\nBàn phím tích hợp phím số\r\nBàn phím trên máy sử dụng bàn phím full size với các phím số bên phải tiện lợi hơn cho người dùng cần làm việc liên quan đến tính toán, hay những con số. Việc gõ phím cũng hoàn toàn thoải mái do các phím được bố trí khoảng cách vừa phải, không gây mỏi tay.\r\nCác cổng kết nối và thời lượng pin\r\nThời lương pin trên máy vẫn đảm bảo được khoảng 3 đến 4 giờ hoạt động cho 1 lần sạc, tuỳ vào tác vụ nặng hay nhẹ khác nhau mà thời lượng pin có thể thay đổi ngắn hơn hoặc dài hơn. Các cổng kết nối trên máy vẫn được bố trí đầy đủ với cổng USB, VGA để xuất hình, cổng LAN kết nối dây mạng đảm bảo sự tiện lợi nhất cho người dùng.', 2),
(36, 'Điện thoại Samsung Galaxy Note 9', 22990000, 'https://cdn.tgdd.vn/Products/Images/42/154897/samsung-galaxy-note-9-black-400x460-400x460.png', 'Mang lại sự cải tiến đặc biệt trong cây bút S-Pen, siêu phẩm Samsung Galaxy Note 9 còn sở hữu dung lượng pin khủng lên tới 4.000 mAh cùng hiệu năng mạnh mẽ vượt bậc, xứng đáng là một trong những chiếc điện thoại cao cấp nhất của Samsung.\r\nMột chút thay đổi trong thiết kế\r\nChiếc điện thoại Samsung mới vẫn thừa hưởng lối thiết kế vô cùng quyến rũ từ đàn anh của mình với thân hình mạnh mẽ và được cách điệu bởi những đường cong mềm mại.\r\nĐiểm thay đổi đáng chú ý phải kể đến mặt lưng khi mà cảm biến vân tay của máy đã được đặt dưới cụm camera kép với một vị trí thuận lợi để bạn có thể mở khóa máy một cách dễ dàng.\r\nBên cạnh đó Samsung đã tối giản cạnh viền trên dưới để mang lại cho bạn một trải nghiệm tuyệt vời hơn nữa với một màn hình có kích thước khủng lên đến 6.4 inch.\r\nNhìn chung với chỉ một chút thay đổi nhỏ trong thiết kế cũng đủ để giúp Galaxy Note 9 trở nên nổi bật và quyến rũ, cũng như khắc phục được những thiếu xót từ đàn anh Note 8.\r\nHiệu năng luôn ở đỉnh cao\r\nLà một flagship cao cấp nên những gì mạnh mẽ nhất đều được hội tụ trên Galaxy Note 9 với con chip Snapdragon 845 hoặc Exynos 9810 tùy vào từng thị trường khác nhau.\r\nĐi kèm theo đó là bộ nhớ RAM lên đến 6 GB đã giúp Note 9 trở thành một trong những smartphone mạnh mẽ nhất hiện nay đủ để chiến mọi thể loại game nặng nhất.\r\nMáy sở hữu phiên bản 128 GB và có cả một phiên bản cao cấp nhất, vô cùng mạnh mẽ khác đó chính là bộ nhớ trong lên tới 512 GB đi kèm với RAM 8 GB.\r\nĐáng tiếc máy vẫn chỉ được sẵn Android 8.1 (Oreo) và hứa hẹn trong thời gian tới sẽ được cập nhật nhanh chóng lên phiên bản Android mới nhất với nhiều tính năng mới mẻ.\r\nBút S-Pen cải tiến đến vi diệu\r\nMột sự thay đổi khiến bạn phải thích thú có lẽ là chiếc bút S-Pen đi kèm theo máy với nhiều màu sắc nổi bật.\r\nChưa dừng ở đó, chiếc bút này còn được trang bị khả năng đặc biệt giúp điều khiển Note 9 dễ dàng thông qua Bluetooth.\r\nCụ thể hơn, chỉ với một thao tác nhấn đơn giản là bạn có thể dễ dàng chụp ảnh selfie, trình chiếu bài thuyết trình, ngưng/phát video cùng nhiều công năng khác nữa.\r\n\r\nCamera thay đổi khẩu độ dễ dàng và tích hợp AI\r\nGalaxy Note 9 sở hữu bộ đôi camera kép với độ phân giải 12MP có khả năng thay đổi khẩu độ như Galaxy S9+ và được tích hợp thêm công nghệ AI giúp chất lượng ảnh chụp đẹp hơn đáng kể.\r\nTheo như những gì mà Samsung giới thiệu thì AI trên Note 9 có khả năng phân loại nhiều đối tượng, tự động điều chỉnh màu sắc, độ tương phản và độ sáng trong bối cảnh chụp ảnh khác nhau.\r\nChất lượng ảnh chụp của máy vô cùng ấn tượng với các chi tiết được thể hiện rõ ràng, màu sắc cân đối và độ tương phản cao.\r\nCũng như trên Galaxy S9+ thì Note 9 cũng được trang bị khả năng quay phim Super Slow Motion giúp bạn ghi lại những khoảnh khắc đáng nhớ trong cuộc sống.\r\nDung lượng pin được cải tiến\r\nSau những gì mà người dùng mong mỏi thì nay Note 9 đã có một viên pin to hơn, mạnh mẽ và bền bỉ hơn với dung lượng lên đến 4000 mAh.\r\nTuy không thuộc dạng khủng nhất nhưng từng đó cũng đủ để bạn có thể hài lòng với các trải nghiệm hằng ngày một cách trọn vẹn.\r\n\r\nHơi thất vọng nhẹ khi máy vẫn chỉ được trang bị công nghệ sạc nhanh Quick Charge 2.0 nên thời gian sạc vẫn chưa được tối ưu nhất.\r\nHỗ trợ nhiều tính năng đặc biệt khác\r\nTính năng Samsung DeX vẫn được hỗ trợ trên Note 9 nhưng đã được Samsung cải tiến thông qua một sợi cáp nhỏ gọn mang tên DeX HDMI.\r\n\r\nNhờ đó mà việc kết nối điện thoại với một màn hình bất kỳ đem đến một trải nghiệm như máy tính trở nên thuận tiện hơn bao giờ hết.\r\nNgoài ra, những tính năng như: mở khóa bằng mống mắt, bảo mật khuôn mặt, Samsung Pay hay khả năng chống nước IP68 vẫn được giữ lại trên Galaxy Note 9.', 1),
(37, 'Điện thoại Samsung Galaxy S9+ 64GB', 23490000, 'https://cdn.tgdd.vn/Products/Images/42/147939/samsung-galaxy-s9-plus-64gb-xanh-san-ho-2-400x460.png', 'Xứng đáng là một trong những smartphone siêu phẩm trên thế giới, Samsung Galaxy S9 Plus bản 64 GB sở hữu nhiều tính năng vượt trội mà khó có chiếc điện thoại nào sánh bằng.\r\nThiết kế sang trọng và tinh tế\r\nNhờ thiết kế tràn viền, tổng thể S9 Plus vẫn đem lại cảm giác nhỏ gọn, chắc chắn trong lòng bàn tay nhưng màn hình vẫn rộng rãi để thoải mái trải nghiệm.\r\nMàn hình Super AMOLED cao cấp\r\nLà một siêu phẩm, màn hình của Galaxy S9 Plus cho chất ảnh rực rỡ, độ tương phản cao, có chiều sâu và sắc nét, chi tiết đến từng khung hình mà khó sản phẩm nào sánh kịp.\r\nCamera kép đẳng cấp thay đổi được khẩu độ phù hợp với điều kiện ánh sáng\r\nGalaxy S9 Plus sở hữu camera có độ phân giải không cao nhưng nhờ tích hợp nhiều công nghệ mới, chất ảnh của máy đem lại có độ sắc nét đến hoàn hảo, rõ nét ngay cả trong bóng tối nhờ điều chỉnh khẩu độ (giữa F/2.4 và F/1.5) hay chống rung quang học (OIS) hiệu quả.\r\nAR Stickers độc đáo tạo nên cá tính riêng\r\nĐiện thoại Samsung cao cấp này nhận diện được khuôn mặt và tạo riêng cho bạn một bộ sticker độc đáo và sinh động.\r\nCấu hình mạnh mẽ vượt bậc\r\nXứng danh với từ “siêu phẩm”, mọi thể loại game hay ứng dụng nặng đều không là trở ngại đối với Galaxy S9 Plus nhờ RAM 6 GB và chip xử lý Exynos 9810 mạnh mẽ.\r\nTích hợp bảo mật đắt giá: Quét mống mắt - Khuôn mặt - Vân tay\r\nTrong điều kiện đủ sáng, máy nhận diện khuôn mặt giúp mở khoá máy với tốc độ nhanh chóng. Nhưng khi trong bóng tối, máy sẽ chuyển sang quét mống mắt hoặc bạn có thể sử dụng cảm biến vân tay để thay thế.\r\nNhiều tính năng hỗ trợ\r\nS9 Plus hỗ trợ Always On Display giúp hiển thị các thông tin hữu ích như ngày giờ, dung lượng pin, cuộc gọi nhỡ... kể cả khi màn hình điện thoại đã tắt.\r\nHay kháng nước kháng bụi, sạc pin nhanh, sử dụng quay phim siêu chậm làm màn hình khoá,... là những tính năng tiện ích không thể thiếu trên Samsung Galaxy S9 Plus.', 1),
(38, 'Điện thoại Samsung Galaxy S9+ 128GB', 24490000, 'https://cdn.tgdd.vn/Products/Images/42/154695/samsung-galaxy-s9-plus-128gb-400x460-400x460.png', 'Samsung Galaxy S9 Plus 128Gb, siêu phẩm smartphone hàng đầu trong thế giới Android đã ra mắt với màn hình vô cực, camera chuyên nghiệp như máy ảnh và hàng loạt những tính năng cao cấp đầy hấp dẫn.\r\nThiết kế hoàn thiện hơn\r\nKhông có một sự lột xác về thiết kế, chiếc điện thoại Samsung năm nay chỉ cải tiến một vài điểm thiết kế đã quá hoàn hảo từ thế hệ Galaxy S8 trước đây.\r\n\r\nKhung của máy vẫn là kim loại kết hợp 2 mặt kính cường lực được bo cong các cạnh đầy \"quyến rũ\" và hiện đại.\r\n\"Màn hình vô cực\" trên Samsung S9 Plus được làm mỏng hơn ở các cạnh viền cho trải nghiệm sử dụng ấn tượng hơn, kích thước máy thu gọn lại giúp cầm nắm sử dụng thuận tiện.\r\nMàn hình vô cực siêu nét\r\nĐặc trưng là màn hình lớn nên chiếc Samsung Galaxy S9 Plus sẽ sở hữu màn hình có kích thước 6.2 inch với độ phân giải 2K+ (1440 x 2960 Pixels) cho chất lượng hiển thị siêu sắc nét.\r\n\r\nMáy vẫn sẽ trung thành với tấm nền Super AMOLED và được bảo vệ bởi tấm kính cường lực Corning Gorilla Glass 5 cao cấp.\r\nĐột phá công nghệ camera trên smartphone\r\nSamsung Galaxy S9 Plus là chiếc smartphone đầu tiên sở hữu khả năng thay đổi khẩu độ như máy ảnh chuyên nghiệp, phá vỡ giới hạn tồn tại bấy lâu nay. Bạn có thể sử dụng khẩu độ F/1.5 chụp sáng đẹp hơn vào ban đêm hay F/2.4 để chụp rõ nét hơn với ánh sáng ban ngày.\r\nSamsung cũng mang camera kép lên Galaxy S9 Plus, như vậy chiếc smartphone này có khả năng zoom quang học 2X rõ nét cũng như chụp những bức ảnh xóa phông đầy nghệ thuật.\r\nQuay phim siêu chậm Super Slow Motion\r\nBạn từng bị ấn tượng bởi những thước phim quay siêu chậm đầy ấn tượng trên các bộ phim bom tấn chiếu rạp, nay với Samsung Galaxy S9 Plus, chính bạn là người sáng tạo nên chúng. Khả năng quay chuyển động chậm hơn gấp 4 lần thế hệ Galaxy S8 cực kì ấn tượng.\r\nBiểu tượng cảm xúc từ chính khuôn mặt bạn\r\nTừ bây giờ, bạn có thể tự do sáng tạo những thông điệp hình ảnh cực kì vui nhộn bằng chính khuôn mặt của mình. Samsung S9 Plus có khả năng ghi lại hình ảnh, cảm xúc của bạn để tạo nên những bộ biểu tượng cảm xúc với công nghệ mô phỏng thực tế ảo tiên tiến.\r\nBảo mật hoàn hảo hơn\r\nSự kết hợp giữa nhận diện mống mắt và khuôn mặt mang đến khả năng bảo mật hoàn hảo và thuận tiện hơn cho Samsung S9 Plus trong mọi điều kiện sử dụng. Chưa kể bạn vẫn có cảm biến vân tay đặt ở mặt sau nếu bạn ưa thích sử dụng tính năng này hơn.\r\nHiệu năng hàng đầu\r\nChắc chắn rồi, dòng Samsung Galaxy S luôn mạnh mẽ vượt trội mỗi khi ra mắt. Thế hệ S9 Plus được trang bị vi xử lý Exynos 9810 8 nhân 64 bit hàng đầu hiện nay kết hợp cùng bộ nhớ RAM lên đến 6 GB và bộ nhớ trong 128 GB. Máy sẽ sử dụng hệ điều hành Android 8.0 khi ra mắt cùng giao diện độc quyền của Samsung.', 1),
(39, 'Điện thoại Samsung Galaxy Note 9 512GB', 28490000, 'https://cdn.tgdd.vn/Products/Images/42/183507/samsung-galaxy-note-9-512gb-blue-400x460.png', 'Sau thành công vang dội của Galaxy Note 8 thì Samsung chính thức giới thiệu phiên bản tiếp theo tới người dùng cái tên Samsung Galaxy Note 9 mang trong mình hàng hoạt các thay đổi đột phá với điểm nhấn đặc biệt đến từ chiếc bút S-Pen thần thánh cùng một viên pin dung lượng khổng lồ tới 4.000 mAh.\r\nBút S-Pen cải tiến đến vi diệu\r\nMột sự thay đổi khiến bạn phải thích thú có lẽ là chiếc bút S-Pen đi kèm theo điện thoại với nhiều màu sắc nổi bật.\r\nChưa dừng ở đó, chiếc bút này còn được trang bị khả năng đặc biệt giúp điều khiển Note 9 dễ dàng thông qua Bluetooth.\r\nCụ thể hơn, chỉ với một thao tác nhấn đơn giản là bạn có thể dễ dàng chụp ảnh selfie, trình chiếu bài thuyết trình, ngưng/phát video cùng nhiều công năng khác nữa.\r\n\r\nHiệu năng luôn ở đỉnh cao\r\nLà một flagship cao cấp nên những gì mạnh mẽ nhất đều được hội tụ trên Galaxy Note 9 với con chip Snapdragon 845 hoặc Exynos 9810 tùy vào từng thị trường khác nhau.\r\nĐi kèm theo đó là bộ nhớ RAM lên đến 8 GB đã giúp Note 9 trở thành một trong những smartphone mạnh mẽ nhất hiện nay đủ để chiến mọi thể loại game nặng nhất.\r\nHơn nữa, một sự nâng cấp vô cùng mạnh mẽ khác chính là bộ nhớ trong của máy đã được nâng lên tới 512 GB cho phiên bản cao cấp nhất.\r\nĐáng tiếc máy vẫn chỉ được sẵn Android 8.1 (Oreo) và hứa hẹn trong thời gian tới sẽ được cập nhật nhanh chóng lên phiên bản Android mới nhất với nhiều tính năng mới mẻ.\r\nCamera thay đổi khẩu độ dễ dàng và tích hợp AI\r\nGalaxy Note 9 sở hữu bộ đôi camera kép với độ phân giải 12MP có khả năng thay đổi khẩu độ như Galaxy S9+ và được tích hợp thêm công nghệ AI giúp chất lượng ảnh chụp đẹp hơn đáng kể.\r\nTheo như những gì mà Samsung giới thiệu thì AI trên Note 9 có khả năng phân loại nhiều đối tượng, tự động điều chỉnh màu sắc, độ tương phản và độ sáng trong bối cảnh chụp ảnh khác nhau.\r\nChất lượng ảnh chụp của máy vô cùng ấn tượng với các chi tiết được thể hiện rõ ràng, màu sắc cân đối và độ tương phản cao.\r\nCũng như trên Galaxy S9+ thì Note 9 cũng được trang bị khả năng quay phim Super Slow Motion giúp bạn ghi lại những khoảnh khắc đáng nhớ trong cuộc sống.\r\nDung lượng pin được cải tiến\r\nSau những gì mà người dùng mong mỏi thì nay Note 9 đã có một viên pin to hơn, mạnh mẽ và bền bỉ hơn với dung lượng lên đến 4000 mAh.\r\nTuy không thuộc dạng khủng nhất nhưng từng đó cũng đủ để bạn có thể hài lòng với các trải nghiệm hằng ngày một cách trọn vẹn.\r\n\r\nHơi thất vọng nhẹ khi máy vẫn chỉ được trang bị công nghệ sạc nhanh Quick Charge 2.0 nên thời gian sạc vẫn chưa được tối ưu nhất.\r\nMột chút thay đổi trong thiết kế\r\nChiếc điện thoại Samsung mớivẫn thừa hưởng lối thiết kế vô cùng quyến rũ từ đàn anh của mình với thân hình mạnh mẽ và được cách điệu bởi những đường cong mềm mại.\r\nĐiểm thay đổi đáng chú ý phải kể đến mặt lưng khi mà cảm biến vân tay của máy đã được đặt dưới cụm camera kép với một vị trí thuận lợi để bạn có thể mở khóa máy một cách dễ dàng.\r\nBên cạnh đó Samsung đã tối giản cạnh viền trên dưới để mang lại cho bạn một trải nghiệm tuyệt vời hơn nữa với một màn hình có kích thước khủng lên đến 6.4 inch.\r\nNhìn chung với chỉ một chút thay đổi nhỏ trong thiết kế cũng đủ để giúp Galaxy Note 9 trở nên nổi bật và quyến rũ, cũng như khắc phục được những thiếu xót từ đàn anh Note 8.\r\nHỗ trợ nhiều tính năng đặc biệt khác\r\nTính năng Samsung DeX vẫn được hỗ trợ trên Note 9 nhưng đã được Samsung cải tiến thông qua một sợi cáp nhỏ gọn mang tên DeX HDMI.\r\n\r\nNhờ đó mà việc kết nối điện thoại với một màn hình bất kỳ đem đến một trải nghiệm như máy tính trở nên thuận tiện hơn bao giờ hết.\r\nNgoài ra, những tính năng như: mở khóa bằng mống mắt, bảo mật khuôn mặt, Samsung Pay hay khả năng chống nước IP68 vẫn được giữ lại trên Galaxy Note 9.', 1),
(40, 'Laptop Dell Inspiron 7570 i5', 22990000, 'https://cdn.tgdd.vn/Products/Images/44/136209/dell-inspiron-7570-i5-8250u-4gb-1tb-128gb-4gb-940m-ava-600x600.jpg', 'Không chỉ là một chiếc máy tính xách tay thông thường Dell Inspiron 7570 i5 8250U còn là dòng laptop thời trang cao cấp trong series 7000 của Dell với thiết kế sang trọng và hiệu năng vượt trội.\r\nCấu hình thách thức\r\nMáy chạy với chip xử lý Intel Core i5 thế hệ thứ 8 mới nhất của Intel, kết hợp với dung lượng RAM 4 GB chuẩn DDR4 tốc độ bus 2400 Mhz, kèm theo ổ cứng lưu trữ HDD lên đến 1 TB là sự có mặt của SSD 128 GB cho tốc độ xử lý tăng lên đáng kể. Ngoài ra khe cắm SSD M2 mở rộng sẽ giúp bạn có được nhiều sự lựa chọn hơn trong việc nâng cấp máy.\r\nThiết kế tinh tế\r\n Điểm nổi bật là thiết kế nhôm nguyên khối sang trọng, Dell Inspiron 7570 i5 8250U mỏng 18.8 mm, và nhẹ 2 kg nên rất tiện lợi khi mang theo mọi nơi.\r\nViền màn hình mỏng kích thước như máy 14\"\r\nĐược trang bị một màn hình lớn 15.6\" có độ phân giải Full HD, đột phá về viền màn hình mỏng tạo cảm giác như bạn đang dùng trên một máy chỉ 14\" mà thôi.\r\n\r\nMàn hình còn có công nghệ TrueLife LED-Backlit Display chống phản chiếu mới có độ tương phản màu sắc cao hơn. Ngoài ra với sự hỗ trợ của card đồ họa rời NVIDIA GeForce 940MX 4 GB cung cấp hiệu suất và hiệu quả đáng kinh ngạc.\r\nÂm thanh hoàn hảo\r\nDell Inspiron 7570 được trang bị công nghệ âm thanh Waves MaxxAudio đưa chất lượng âm thanh như phòng thu đến gần hơn với bạn.\r\nKết nối hiện đại\r\nThuộc dòng máy tính cao cấp vì vậy Dell Inspiron 7570 đã trang bị cho chiếc laptop này đầy đủ các cổng kết nối tiện dụng và hiện đại: Cổng USB 3.0, cổng USB Type-C, 1 cổng truy xuất hình ảnh âm thanh HDMI.\r\nKết luận\r\nĐây được coi là chiếc máy tính lí tưởng cho các doanh nhân hoặc người dùng thường xuyên di chuyển với yêu cầu công việc xử lí hình ảnh cao. ', 2),
(41, 'Laptop Dell Inspiron 5379 i7', 24490000, 'https://cdn.tgdd.vn/Products/Images/44/155735/dell-inspiron-5379-i7-8550u-c3ti7501w-fix-dmx-600x600.jpg', 'Dell Inspiron 5379 i7 8550U là chiếc máy tính xách tay có thiết kế nhỏ gọn và sang trọng máy được trang bị cấu hình Intel Kabylake Refresh mạnh mẽ, máy có màn hình cảm ứng đa điểm tiện dụng.\r\nThiết kế hiện đại, sang trọng\r\nLaptop Dell Inspiron 5379 được tạo nên từ chất liệu nhựa với các cạnh thiết kế vuông vức và được phủ một lớp xám. Máy có độ mỏng 19.5 mm cho bạn khả năng mang vác máy đi làm hay đi công tác tiện lợi.\r\nTùy cơ ứng biến đa dụng\r\nĐiểm \"tùy cơ ứng biến\" ở đây là để nói đến sự tiện lợi mà khả năng gập xoay 360 độ của máy mang lại. Bạn có thể đặt máy ở hình dạng lều để xem phim, gập lại như một máy tính bảng để thao tác cho nhanh hoặc dạng laptop để trên bàn bình thường sử dụng cho tiện.\r\nCấu hình mới mạnh mẽ\r\nDell Inspiron này được trang bị sức mạnh Intel Core i7 Kabylake Refresh 1.8 GHz, RAM DDR4 8 GB giúp các phần mềm chạy đa nhiệm ổn định, mượt mà. Ổ cứng đi kèm là HDD 1 TB cho bạn thoải mái lưu trữ dữ liệu không lo hết bộ nhớ.\r\nNhưng điểm mạnh của cấu hình máy là tiết kiệm điện năng, mỏng nhẹ nghiêng về học tập, làm việc đồ họa cơ bản và xem phim nhiều hơn là dành cho người chuyên chơi game.\r\n\r\nMàn hình Full HD cao cấp\r\nMàn hình có kích thước nhỏ gọn 13.3 inch với độ phân giải Full HD (1920 x 1080), nhưng với sự hỗ trợ chip Intel thế hệ thứ 8 được tích hợp card đồ họa UHD Graphics 620 nên có thể xem được video độ phân giải 4K cực sắc nét.\r\nNgoài ra, đặc điểm nổi bật ở mục này là màn hình của máy có thể xoay gập 360 độ rất tiện lợi, bạn có thể gập lại và sử dụng cảm ứng như chiếc máy tính bảng.\r\n\r\nBàn phím rộng và có độ nảy tốt\r\nBàn phím có độ đàn hồi tốt giúp bấm phím thoải mái và còn có đèn để dễ dàng sử dụng trong điều kiện ánh sáng yếu hơn.\r\nCổng kết nối đa dạng\r\nLaptop Dell Inspiron 5379 vẫn hỗ trợ đầy đủ cổng kết nối như 2 x USB 3.0 truy xuất dữ liệu tốc độ cao, 1 x USB 2.0, HDMI truyền ra màn hình lớn.', 2),
(42, 'Laptop Dell Inspiron 7373 i5', 26690000, 'https://cdn.tgdd.vn/Products/Images/44/136214/dell-inspiron-7373-i5-8250u-8gb-256gb-win10-office-450-600x600.jpg', 'Dell Inspiron 7373 i5 8250U là mẫu laptop có thiết kế mỏng nhẹ và sang trọng với chất liệu nhôm nguyên khối thuộc phân khúc laptop phù hợp với doanh nhân, máy được trang bị cấu hình khá mạnh cho các nhu cầu làm việc, giải trí.\r\nThiết kế nhỏ gọn và mạnh mẽ\r\nDell Inspiron 7373 có 4 viền bo tròn nhẹ và những đường cắt kim cương sắc cạnh làm tăng vẻ mạnh mẽ và lịch lãm. Máy được thiết kế bằng vật liệu vỏ nhôm nguyên khối, độ mỏng chỉ có 15.2 mm và trọng lượng 1.6 kg, kết hợp khả năng xoay gập 360 độ giúp tăng sự linh động, tiện lợi cho người dùng.\r\nMàn hình cảm ứng cực đã\r\nBắt kịp với xu hướng công nghệ, Dell 7373 trang bị cho máy màn hình Full HD cực kỳ sắc nét với tấm nền IPS cho màu sắc chân thật, không gây ảo rực rỡ hay thiếu chi tiết.\r\nKèm với đó làm máy trang bị màn hình cảm ứng để máy hỗ trợ trong công việc, do được trang bị chip Intel thế hệ thứ 8 nên máy được tích hợp card đồ họa UHD Graphics 620 giúp máy xem hình ảnh hay video 4K mượt mà.\r\n\r\nTouchpad rộng và đa cách sử dụng\r\nTouchpad thông minh có đầy đủ cách thao tác vuốt chạm giúp bạn sử dụng thoải mái trong quá trình giải trí, lướt web.\r\nBảo mật cao cấp với Windows Hello\r\nĐược tích hợp camera hồng ngoại hoạt động kết hợp với Windows Hello có sẵn trong Windows 10  bản quyền nên Dell Inspiron 7373 i5 có thể bảo mật bằng nhận diện khuôn mặt thông minh, giúp người dùng mở khóa máy hiện đại hơn và không lo máy tính bị xâm nhập.\r\nCổng kết nối đa dạng và hiện đại\r\nMáy tuy mỏng nhẹ và gọn gàng nhưng máy vẫn trang bị đầy đủ các cổng kết nối như 2 x USB 3.0 và Type-C truy xuất dữ liệu tốc độ cao, HDMI giúp bạn truyền hình ảnh lên máy chiếu hay tivi màn hình lớn.', 2),
(43, 'Laptop Dell Inspiron 7570 i7', 26990000, 'https://cdn.tgdd.vn/Products/Images/44/186031/dell-inspiron-7570-i7-8550u-782p82-thumb-600x600.jpg', 'Laptop Dell Inspiron 7570 (782P82) được thiết kế vỏ ngoài kim loại sang trọng, tinh tế. Máy được trang bị cấu hình mạnh mẽ cho hiệu năng mượt, Ổ cứng SSD cho tốc độ khởi động máy, các ứng dụng, tốc độ phản hồi các tác vụ  xử lý đồ họa - kĩ thuật được nhanh chóng, thỏa sức chiến các tựa game cấu hình cao.\r\nMàn hình 15.6 inch viền siêu mỏng\r\nDell Insprion 7570 được trang bị màn hình viền mỏng có độ phân giải Full HD kết hợp tấm nền IPS cùng công nghệ TrueLife LED-Backlit Display đem đến chất lượng hình ảnh sống động, chân thực, tái tạo màu sắc chuẩn xác đến từng chi tiết, từng góc độ. Đem đến không gian trải nghiệm tuyệt vời, tầm nhìn rộng rãi, thoải mái cho người dùng khi sử dụng trong thời gian dài.\r\nThiết kế sang trọng, đẳng cấp\r\nDell Inspiron (782P82) mang trên mình sự sang trọng, tinh tế với thiết kế toàn thân máy hoàn toàn bằng vỏ nhôm nguyên khối kết hợp cùng màn hình viền siêu mỏng, đem lại cảm giác nhẹ tay khi cầm và tiện lợi di chuyển ở bất kì nơi đâu chỉ với trọng lượng 2 kg.\r\nHiệu năng mạnh mẽ\r\nMáy được trang bị vi xử lý Intel Core i7 Kabylake Refresh, mang lại hiệu năng khởi động các ứng dụng, các tác vụ vô cùng mượt mà, tốc độ CPU 1.8 GHz và có thể đẩy lên tối đa 4.0 GHz với công nghệ Turbo Boost được tích hợp. Thanh RAM DDR4 8GB được tích hợp cho khả năng nâng cấp lên đến 16 GB khi người dùng có nhu cầu.\r\n\r\nNgoài ra, việc chuyển đổi giữa các ứng dụng rất đơn giản, thậm chí là chạy đa nhiệm nhiều chương trình cùng lúc. Đặc biệt máy được trang bị ổ cứng 128 GB SSD + 1TB HDD cho tốc độ đọc ghi cực tốt.\r\n\r\nLaptop Dell Core i7 này còn được trang bị card đồ họa rời NVIDIA Geforce MX130, 4GB giúp máy chạy mượt mà các tựa game, cho game thủ hòa mình trọn vẹn vào cuộc chơi hơn nữa.\r\nÂm thanh WaxxAudio chất lượng\r\nWaves MaxxAudio® Pro hỗ trợ xứ lý các âm cao, âm trung, âm trầm, có khả năng tăng cường âm lượng, tạo ra âm thanh lớn hơn để mọi thứ mà người dùng nghe đều được tái tạo gần như chuẩn xác theo cách của nó.\r\nBàn phím tích hợp đèn nền\r\nCác phím bấm trên bàn phím Dell Inspiron 7570 (782P82) được bố trí hợp lí, khoa học giúp người dùng dễ dàng thao tác, không gây mỏi tay trong quá trình sử dụng thời gian dài. Và còn có đèn để dễ dàng sử dụng trong điều kiện ánh sáng yếu hơn. Đèn LED nền cũng được tích hợp cho người dùng dễ dàng thao tác trong điều kiện thiếu sáng.\r\nCổng kết nối đa dạng\r\nTuy vẻ ngoài \"mỏng manh\" nhưng laptop Dell Inspiron 7570 vẫn được trang bị đầy đủ cổng kết nối phổ biến như 3 x USB 3.1, 1 x USB Type-C cho phép sao chép dữ liệu nhanh chóng hơn, cổng HDMI hỗ trợ kết nối với các thiết bị có màn hình lớn như Tivi, máy chiếu giúp truy xuất hình ảnh, âm thanh tiện dụng trong các cuộc họp, buổi thuyết trình.', 2),
(44, 'Máy tính bảng Samsung Galaxy Tab A6 7.0\"', 3290000, 'https://cdn.tgdd.vn/Products/Images/522/75693/samsung-galaxy-tab-a-70-1-400x460.png', 'Samsung Galaxy Tab A6 7.0 với thiết kế vẫn mang vẻ truyền thống và cấu hình tốt, khả năng hiển thị cải thiện, cùng kết nối 4G.\r\nThiết kế truyền thống, sang trọng\r\nChiếc tablet này được thay đổi đôi chút so với người tiền nhiệm là Tab A 8.0 với cạnh viền được bo thêm 1 đường cong nhô lên, tạo điểm nhấn khác biệt.\r\nVới thiết kế màn hình chỉ 7.0”, Samsung Galaxy Tab A6 7.0” cho máy có thiết kế nhỏ nhắn vừa tầm tay, có thể cầm và sử dụng thoải mái chỉ với 1 tay.\r\nMỏng nhẹ là một ưu thế của Galaxy Tab A6 7.0 khi tổng trọng lượng 289 g, dày 8.7 mm, dễ dàng để cầm tay. \r\n\r\nMặt lưng máy được ưu tiên với các họa tiết chấm li ti in chìm mang lại khả năng chống trầy, chống bám vân tay và bụi bẩn. Ngoài ra, thiết kế này cũng mang đến một nét cá tính, hiện đại.\r\n\r\nMàn hình ghi điểm\r\nTrang bị màn hình TFT nhưng vẫn cho màu sắc hiển thị đẹp, với khả năng hiển thị 16 triệu màu ở độ phân giải 1280 x 800 pixels trên độ rộng 7 inch với tỉ lệ 4:3 cho không gian nhìn như rộng hơn.\r\nCùng với màn hình cảm ứng điện dung đa điểm, người dùng dễ dàng thao tác bằng tay, với tốc độ phản hồi nhanh chóng, chính xác.\r\n\r\nCấu hình 4 nhân, bộ nhớ thấp\r\nMáy chạy trên nền Android 5.1, bộ xử lí CPU 4 nhân, RAM 1.5 GB cùng ROM 8 GB, máy xử lý các thao tác đa nhiệm hay chơi game ổn định.\r\n\r\nVới các ứng dụng văn phòng được cài đặt, máy cho cảm giác hoạt động ở mức trung bình, có thể đáp ứng được những thao tác cơ bản như thực hiện bảng tính, sao chép,...\r\nBộ nhớ trong 8GB là một điểm trừ của máy. Tuy nhiên, nhằm tạo trải nghiệm tốt nhất cho người dùng, máy được tích hợp khe cắm thẻ nhớ ngoài, bổ trợ thẻ nhớ với dung lượng lên đến 200GB!\r\n\r\nKết nối 3G/ 4G cũng được tích hợp vào máy mang đến sự tiện lợi khi có thể vừa kết nối mọi lúc mọi nơi, vừa có thể kết nối, nhận tin nhắn,...\r\n\r\nCamera chụp ảnh khá\r\nVới độ phân giải 5 MP cho camera chính, máy chụp khá ổn, không thật sự đẹp mắt hay quá chi tiết.\r\nCác tiện ích trong sử dụng\r\nTab A6 vẫn được trang bị khả năng kết nối mạng 4G nhanh khi bạn không thể sử dụng wifi, có thể mở rộng thêm thẻ nhớ lên đến 200 GB và sử dụng 1 sim.\r\nMáy có dung lượng pin vừa đủ dùng là 4000 mAh, tuỳ theo nhu cầu sử dụng của bạn sẽ cho thời lượng sử dụng khác nhau.\r\n\r\nĐể tiết kiệm pin, bạn có thể mở chế độ tiết kiệm bằng cách:\r\n\r\n- Bạn vào cài đặt > pin > chế độ tiết kiệm pin hoặc chế độ siêu tiết kiệm pin.\r\n\r\nSamsung Galaxy Tab A6 7.0 là một thiết kế đổi khác, các tính năng được cải thiện tốt cùng mức giá để bạn dễ dàng sở hữu máy.', 3);
INSERT INTO `sanpham` (`masanpham`, `tensanpham`, `giasanpham`, `hinhanhsanpham`, `motasanpham`, `maloaisanpham`) VALUES
(45, 'Máy tính bảng Samsung Galaxy Tab E 9.6', 3990000, 'https://cdn.tgdd.vn/Products/Images/522/73280/samsung-galaxy-tab-e-96-sm-t561-400-400x400.png', 'Samsung Galaxy Tab E 9.6 là một sự lựa chọn cho bạn thích một chiếc máy có màn hình lớn để giải trí thoải mái hơn nhưng cấu hình không quá thấp.\r\nThiết kế với mặt lưng đẹp\r\nMàn hình 9,6” rộng rãi khiến cho thân máy khá to, không thể cầm thoải mái với 1 tay khi sử dụng. Thân máy mỏng chỉ 8.5mm cá tính.\r\nTuy nhiên, trọng lượng chỉ 495g - vừa bằng một thanh socola nhỏ khiến cho máy dễ cầm chắc tay, dễ dàng vận chuyển, lưu động khi sử dụng.\r\n\r\nMặt lưng có các hoạ tiết các chấm nổi vừa tạo điểm nhấn, vừa giúp bạn cầm máy được chắc chắn hơn, hạn chế trơn tay, bám vân tay khi sử dụng.\r\nGiải trí thích hơn\r\nMàn hình lớn 9.6 inch sử dụng công nghệ TFT với độ phân giải chỉ có 1280 x 800 px dàn trải trên một kích thước lên tới gần 10\" thì sẽ rỗ khá nhiều, nhưng vẫn đảm bảo chất lượng trung bình, đem lại nhiều không gian để giải trí cũng như cho công việc riêng của bạn.\r\nHiệu năng ổn định, cấu hình phù hợp\r\nMáy được trang bị bộ vi xử lý 4 nhân, trang bị RAM 1,5 GB, dung lượng bộ nhớ trong 8 GB có thể phục vụ tốt hầu hết các nhu cầu làm việc và giải trí cơ bản.\r\n\r\nMáy không bị nóng khi sử dụng 3G hay chơi video trong thời gian dài. Tuy nhiên đối với 1 số thử nghiệm hiệu năng, chiếc Tablet này cho một kết quả không quá nổi trội so với Tablet tầm trung.\r\nVới bộ nhớ trong 8GB, máy không gây ấn tượng mạnh. Tuy nhiên, nhằm khắc phục điểm yếu này, khe cắm thẻ nhớ đã được tích hợp vào máy, có thể lên đến 128GB bổ trợ.\r\n\r\nMáy có hỗ trợ MicroSim cùng khả năng kết nối 3G tuyệt vời, cho bạn luôn giữ được kết nối với bạn bè và thế giới. Bạn cũng có thể điện thoại, gửi tin nhắn ngay trên chiếc tablet của mình!\r\n\r\nCác tiện ích khi sử dụng\r\nVới mức giá rẻ, hình ảnh được thực hiện bởi camera 5MP khá rõ nét. Tuy màu sắc không được mịn nhưng với những tích hợp chỉnh sửa ảnh, hỗ trợ camera của Samsung, bạn sẽ có những tấm ảnh tuyệt vời!\r\nPin được trang bị cho Samsung Galaxy Tab E 9.6 là loại pin Lithium - Ion với 5000mAh có thể trải nghiệm máy suốt cả ngày mà không phải lo ngại về vấn đề hết pin giữa chừng hay bất tiện mang theo các thiết bị sạc.\r\n\r\nMáy còn trang bị chế độ siêu tiết kiệm pin bằng cách sử dụng bốn mục màn hình tối giản cùng với việc tắt dữ liệu di động khi màn hình tắt, cho phép sử dụng máy với khoảng thời gian đến gần 15 tiếng ở mức 16% pin.', 3),
(46, 'Máy tính bảng Samsung Galaxy Tab A 8.0 (2017)', 5490000, 'https://cdn.tgdd.vn/Products/Images/522/113278/samsung-galaxy-tab-a-80-2017-9-400x460.png', 'Samsung Galaxy Tab A 8.0 (2017) mới có màn hình tỉ lệ 16:10 với không gian hiển thị rộng thông minh cho người dùng.\r\nMàn hình rộng hiển thị thông tin trọn vẹn\r\nVới cách bố trí chiều ngang và dọc theo tỉ lệ 16:10 thông minh, những thông tin bạn đọc trên một trang web hay tài liệu được hiển thị nhiều và trọn vẹn trong một khung hình hơn.\r\n\r\nMáy sử dụng công nghệ hiển thị PLS TFT, độ phân giải 1280 x 800 pixels cho hình ảnh hiển thị chi tiết, giúp bạn thoải mái lướt web hay xem phim phụ đề mà không mỏi mắt.\r\nLướt web nhanh hơn với công nghệ kết nối 4G\r\nVới sự phát triển và phổ biến của mạng 4G hiện nay thì việc Galaxy A 8.0 (2017) được trang bị tính năng này cũng không phải là quá bất ngờ. 4G sẽ giúp bạn lướt web nhanh hơn, tốc độ tải một trang web hay một ứng dụng bất kỳ đều nhanh gấp 2 đến 3 lần so với 3G trước đây.\r\nCamera 8 MP chất lượng tốt hơn\r\nTuy là dòng máy tính bảng nhưng Galaxy A 8.0 (2017) vẫn được trang bị camera chính 8 MP có khẩu độ f1.9 như những dòng flagship cao cấp trên thị trường hiện nay.\r\n\r\nNhiều tính năng của smartphone được đưa vào như chạm lấy nét, lấy nét tự động, chỉnh sáng tốt, chụp HDR...\r\nCamera phụ phía trước cũng có độ phân giải tốt 5 MP, tính năng chỉnh sửa khuôn mặt, làm mịn da... rất được nhiều bạn trẻ yêu thích và sử dụng.\r\n\r\nDung lượng pin được cải thiện\r\nDung lượng pin 5.000 mAh cùng những tính năng tiết kiệm pin như Power Saving and Ultra Power Saving Mode giúp kéo dài thời gian sử dụng lên đến 12 giờ, cho bạn những trải nghiệm tốt nhất.', 3),
(47, 'Máy tính bảng Samsung Galaxy Tab A6 10.1 Spen', 7490000, 'https://cdn.tgdd.vn/Products/Images/522/87306/samsung-galaxy-tab-a6-101-spen-400x460.png', 'Tiếp nối sự thành công của chiếc Samsung Galaxy Tab A thì mới đây Samsung đã giới thiệu phiên bản cải tiến là chiếc Galaxy Tab A6 10.1 với nhiều nâng cấp đáng giá về cấu hình và thiết kế.\r\nThiết kế chưa đổi mới, ấn tượng với vỏ nhựa nhám\r\nLà dòng máy trong phân khúc tầm trung, Samsung Galaxy Tab A6 10.1 Spen được thiết kế với vỏ nhựa nhám nhẹ cùng các góc bo tròn cho cảm giác chắc chắn, không bám vân tay khi cầm.\r\nMàn hình hiển thị đẹp, sử dụng tốt dưới ánh nắng\r\nSở hữu màn hình kích thước 10.1 inch không quá lớn, có thể nhét vừa một chiếc balo dạng nhỏ, Samsung Galaxy Tab A6 10.1 Spen sử dụng tấm nền PLS LCD cho khả năng hiển thị tốt.\r\n\r\nĐộ phân giải  WUXGA 1920 x 1200 pixels cho chất lượng hình ảnh sắc nét, sử dụng tốt khi đi ngoài trời.\r\nVi xử lý mạnh, hiệu năng cao\r\nĐược trang bị chip Exynos 7870 8 nhân 3 GB RAM cùng 16 GB bộ nhớ trong, Samsung Galaxy Tab A6 10.1 Spen có hiệu năng khá ổn định so với mức giá.\r\n\r\nThử nghiệm cho thấy máy hoạt động tốt trên các tựa game như Asphalt 8 hay N.O.V.A 3 khá mượt mà, không bị giật, lag ở mức độ đồ họa trung bình.\r\n\r\nKhả năng đa nhiệm của máy được tối ưu với RAM lớn và màn hình lớn thuận tiện cho các ứng dụng văn phòng, các công cụ giải trí...\r\nHỗ trợ kết nối 3G/4G\r\nMáy cũng hỗ trợ khe cắm thẻ nhớ mở rộng tối đa lên tới 256 GB cùng 1 khe cắm Nano Sim và kết nối 4G tốc độ cao giúp bạn truy cập internet với tốc độ nhanh chóng.\r\n\r\nBút Spen tiện dụng\r\nChiếc bút Spen quen thuộc đã quay lại với thiết kế Samsung Galaxy Tab A6 10.1 Spen. Giờ đây ghi chú đã không còn khó khi bạn có thể nhanh chóng ghi lên màn hình, chọn các đối tượng văn bản...\r\nThử nghiệm ban đầu với bút Spen trên Samsung Galaxy Tab A6 10.1 Spen cho cảm giác cảm ứng mượt, màn hình ghi chú rộng.\r\n\r\nTuy nhiên, bút còn hạn chế khi không thể hiện được nhiều nét khác nhau, chưa được tối ưu hóa như các dòng Spen cao cấp. Đi kèm theo máy là bộ ngòi bút thay thế đa dạng, có thể khắc phục được khuyết điểm này.\r\n\r\nCamera chụp ảnh chất lượng cao\r\nGalaxy Tab A6 10.1 Spen được trang bị camera chính độ phân giải 8 MP, khẩu độ F/1.9 kèm đèn flash LED đơn. Máy cũng hỗ trợ quay phim với độ phân giải Full HD cho bạn những thước video đẹp mắt. Ảnh chụp ban ngày của máy có chi tiết khá cao, màu sắc hài hòa.\r\nCamera trước của máy có độ phân giải 2 MP khẩu độ F/2.2 giúp bạn có thể thực hiện các cuộc gọi video vui vẻ với bạn bè có chất lượng tốt.\r\n\r\nDung lượng pin khá\r\nGalaxy Tab A6 10.1 Spen được trang bị pin Li-ion có dung lượng 7300 mAh cao hơn khá nhiều so với các thế hệ trước. Bạn có thể chơi game liên tục với máy trong khoảng hơn 5 giờ và có khoảng hơn 10 giờ xem video liên tục.\r\nVới giá bán hợp lý cùng thiết kế đẹp, pin trâu và hiệu năng khá thì Galaxy Tab A6 10.1 Spen xứng đáng được sát cánh bên bạn cho các tác vụ làm việc và giải trí hằng ngày.', 3),
(48, 'Máy tính bảng Samsung Galaxy Tab A 10.5 inch', 9490000, 'https://cdn.tgdd.vn/Products/Images/522/184380/samsung-galaxy-tab-a-105-inch-chitietblue-400x460.png', 'Là một phiên bản máy tính bảng giá rẻ của dòng Tab S4, Samsung Galaxy Tab A 10.5 inch có giá bán phải chăng và phục vụ tốt nhu cầu sử dụng của người dùng.\r\nMàn hình rộng, thoải mái lướt web, xem phim\r\nSamsung Galaxy Tab A 10.5 inch được trang bị màn hình IPS LCD với độ phân giải 1.920 x 1.200 pixels, viền bezels được làm mỏng cho hình ảnh hiển thị chi tiết dễ dàng đọc sách hay xem phim phụ đề mà không sợ bị mỏi mắt.\r\nCấu hình đủ dùng\r\nĐược sở hữu bộ vi xử lý Snapdragon 450 với tốc độ 1.8GHz kết hợp với 3 GB RAM, 32 GB ROM cho hiệu năng khá ổn định khi thực hiện các tác vụ cơ bản. Máy hỗ trợ người dùng mở rộng bộ nhớ thông qua thẻ microSD với dung lượng tối đa 512 GB.\r\nCamera chất lượng tốt\r\nCamera trước 5 MP cho chất lượng vừa đủ để gọi video call hoặc selfie. Camera sau 8 MP hỗ trợ đèn flash LED giúp lưu trữ những khoảnh khắc đẹp của bạn một cách trọn vẹn nhất.\r\nDung lượng pin lớn\r\nGalaxy Tab A 10.5 còn được cung cấp năng lượng bởi viên pin dung lượng 7.300 mAh cao hơn nhiều so với các thế hệ trước, giúp cho thời gian sử dụng máy được lâu hơn lên đến 13 giờ theo thông tin được công bố từ hãng Samsung\r\nCông nghệ âm thanh Dolby Atmos\r\nVới hệ thống âm thanh gồm 4 loa, giống như trên Samsung Tab S4. Cụm loa được hỗ trợ công nghệ âm thanh Dolby Atmos, cho chất lượng âm thanh tuyệt vời khi nghe nhạc, giải trí.', 3),
(49, 'Máy tính bảng Samsung Galaxy Tab S4 10.5 inch S-Pen', 17990000, 'https://cdn.tgdd.vn/Products/Images/522/184377/samsung-galaxy-tab-s4-105-inch-detial-400x460.png', 'Samsung đã cho ra mắt máy tính bảng Galaxy Tab S4 10.5 với màn hình Super AMOLED 10.5 inch, chip Snapdragon 835 được trang bị. Đây là một chiếc máy tính bảng cấp cao cùng hiệu năng ổn định với các thao tác được phản hồi nhanh chóng.\r\nMàn hình Super AMOLED 10.5 inch\r\nSamsung Galaxy Tab S4  sở hữu màn hình với kích thước 10.5, có độ phân giải 2.560 x 1.600 pixels, kết hợp cùng công nghệ màn hình Super AMOLED cho chất lượng hình ảnh hiển thị rực rỡ, sống động, chân thực. Cho khả năng hiển thị dưới ánh sáng mặt trời rõ nét hơn.\r\nNgoài ra, đây cũng là máy tính bảng đầu tiên hỗ trợ cùng lúc  2 màn hình – màn hình của máy tính bảng và màn hình cắm bên ngoài khi kết nối thông qua cổng HDMI.\r\n\r\nHiệu năng ổn định\r\nSamsung Galaxy Tab S4 10.5 với nền tảng Android 8.0, trang bị chip Snapdragon 835, RAM 4 GB cùng bộ nhớ ROM 64 GB cho hoạt động nhanh chóng. Bên cạnh đó, viên pin 7.300 mAh cho thời gian phát video lên đến 15 giờ liên tục theo như lời tuyên bố từ hãng Samsung.\r\nÂm thanh sống động\r\nSamsung Galxy Tab S4 được trang bị 4 loa với công nghệ âm tinh chỉnh thành từ AKG, hỗ trợ cả Dolby Atmos mang đến sự trải nghiệm âm thanh sống động, chân thực trong từng chất âm phát ra.\r\nHỗ trợ kết nối 3G/4G\r\nNgoài công nghệ 3G, Samsung Galaxy Tab S4 10.5 inch S-Pen còn hỗ trợ kết nối 4G giúp bạn tìm tài liệu học tập hiệu quả, thoải mái lướt Facebook hoặc xem YouTube mọi lúc mọi nơi mà không phải hoàn toàn phụ thuộc vào kết nối Wifi.\r\nCamera độ phân giải cao\r\nMáy tính bảng Samsung Galaxy Tab S4 10.5 inch S-Pen đã trang bị cho mình một camera trước 8 MP, camera sau có độ phân giải 13 MP và khả năng quay video chất lượng cao. Giúp bạn có những tấm hình đẹp cũng như thực hiện các cuộc gọi video có chất lượng tốt.\r\nS-Pen tiện ích\r\nGalaxy Tab S4 này còn đi kèm với một chiếc bút S Pen mới, bút khá lớn và có nhiều tính năng tiện tích thú vị được tích hợp. Kết hợp bút với máy tính bảng sẽ hỗ trợ người dùng có thể note, phác thảo các bản vẽ  đồ họa, hoặc sử dụng như bàn di chuột thực thụ.\r\nNgoài ra, Samsung Flow có thể giúp chia sẻ kết nối Wifi và đồng bộ hóa các thông báo từ điện thoại của bạn với máy tính bảng.', 3),
(50, 'Pin sạc dự phòng Polymer 15000mAh Sony CP-S15-BC ULA', 1780000, 'https://cdn.tgdd.vn/Products/Images/57/140800/sac-du-phong-polymer-15000mah-sony-cp-s15-bc-avatar-2-600x600.jpg', 'Pin sạc dự phòng Polymer Sony CP-S15-BC ULA tuy có dung lượng rất lớn nhưng kiểu dáng vẫn nhỏ gọn\r\nTích hợp công nghệ Hybrid Gel cho tuổi thọ sạc hơn 1000 lần\r\nDung lượng pin cao cho nhiều lần sạc\r\nSạc đầy được cho điện thoại và máy tính bảng có dung lượng dưới 13.000 mAh.\r\n\r\nLưu ý: Trong quá trình sạc pin sẽ bị hao hụt khoảng 30% dung lượng.\r\nSạc song song 2 thiết bị với tốc độ nhanh\r\nSạc lại bằng cáp sạc điện thoại hoặc laptop tùy bạn chọn\r\nBạn có thể dùng adapter sạc hay dây cáp nối với laptop để sạc cho pin.', 4),
(51, 'Pin sạc dự phòng Polymer 8700mAh Sony CP-V9/BC ULA', 990000, 'https://cdn.tgdd.vn/Products/Images/57/140801/sac-du-phong-polymer-8700mah-sony-cp-v9-bc-ula-ava-600x600.jpg', 'Pin sạc dự phòng Polymer Sony CP-V9/BC ULA có thiết kế vuông vức truyền thống\r\nTích hợp công nghệ Hybrid Gel cho tuổi thọ sạc hơn 1000 lần\r\nDung lượng pin cao cho nhiều lần sạc\r\nSạc đầy được cho điện thoại và máy tính bảng có dung lượng dưới 7.000 mAh.\r\n\r\nLưu ý: Trong quá trình sạc pin sẽ bị hao hụt khoảng 30% dung lượng.\r\nSạc song song 2 thiết bị với tốc độ nhanh\r\nSạc lại bằng cáp sạc điện thoại hoặc laptop tùy bạn chọn\r\nBạn có thể dùng adapter sạc hay dây cáp nối với laptop để sạc cho pin.', 4),
(52, 'Pin sạc dự phòng Polymer 10000mAh Sony CP-V10B-WC LA\r\n', 990000, 'https://cdn.tgdd.vn/Products/Images/57/169490/sac-du-phong-polymer-10000mah-sony-cp-v10b-wc-600x600.jpg', 'Pin sạc dự phòng Polymer 10.000 mAh của hãng Sony nổi tiếng uy tín\r\nKích thước pin không chiếm nhiều diện tích balo hay túi xách.\r\nDung lượng pin cao cho nhiều lần sạc\r\nSạc đầy được nhiều lần cho điện thoại và máy tính bảng.\r\n\r\nLưu ý: Trong quá trình sạc pin sẽ bị hao hụt khoảng 20% dung lượng.\r\nNgoài ra, bạn cũng có thể dùng cho quạt mini, đèn, tai nghe, loa bluetooth...\r\nSạc lại bằng cáp sạc điện thoại hoặc laptop tùy bạn chọn\r\nBạn có thể dùng adapter sạc hay dây cáp nối với laptop để sạc cho pin.', 4),
(53, 'Pin sạc dự phòng 15000mAh Xmobile LA Y615N', 850000, 'https://cdn.tgdd.vn/Products/Images/57/156075/pin-sac-du-phong-15000mah-xmobile-la-y615n-anh-dai-dien-600x600.jpg', 'Pin sạc dự phòng Xmobile LA Y615N thiết kế vỏ nhóm chống trầy và trơn tay\r\nDung lượng pin lớn nên kích thước pin cũng lớn hơn nhưng được thiết kế bo gọn hơn, không chiếm nhiều diện tích balo hay túi xách.\r\nDung lượng pin cao cho nhiều lần sạc\r\nSạc đầy được nhiều lần cho điện thoại và máy tính bảng.\r\n\r\nLưu ý: Trong quá trình sạc pin sẽ bị hao hụt khoảng 30% dung lượng.\r\nNgoài ra, bạn cũng có thể dùng cho quạt mini, đèn, tai nghe, loa bluetooth...\r\nSạc lại bằng cáp sạc điện thoại hoặc laptop tùy bạn chọn\r\nBạn có thể dùng adapter sạc hay dây cáp nối với laptop để sạc cho pin.', 4);

-- --------------------------------------------------------

--
-- Table structure for table `users`
--

CREATE TABLE `users` (
  `sno` int(11) NOT NULL,
  `unique_id` varchar(23) NOT NULL,
  `name` varchar(50) NOT NULL,
  `email` varchar(50) NOT NULL,
  `encrypted_password` varchar(256) NOT NULL,
  `salt` varchar(10) NOT NULL,
  `created_at` datetime DEFAULT NULL,
  `image` varchar(200) NOT NULL,
  `ngaysinh` date NOT NULL,
  `sodienthoai` int(12) NOT NULL,
  `diachi` varchar(400) NOT NULL
) ENGINE=InnoDB DEFAULT CHARSET=utf8;

--
-- Dumping data for table `users`
--

INSERT INTO `users` (`sno`, `unique_id`, `name`, `email`, `encrypted_password`, `salt`, `created_at`, `image`, `ngaysinh`, `sodienthoai`, `diachi`) VALUES
(1, '5bd7dc868c0c09.17356848', 'admin', 'admin@yahoo.com', '$2y$10$kbhF/UA/gTwR5p.MR7KAhuQGFGQ7B5gWlhancmDiIlL4Drv0zc4dG', 'f0daa6e7ef', '2018-10-30 11:22:30', '', '0000-00-00', 0, ''),
(2, '5bd7ddcc277475.86092379', 'bao', 'bao@yahoo.com', '$2y$10$vJaFGh9mIp5YOzA2FhP.UeqFqz849VvykPF3pUNtjXtzK4.QfJqCy', 'bfab9c5129', '2018-10-30 11:27:56', '', '0000-00-00', 0, ''),
(3, '5bd7ddfc2ee4a2.58885866', 'bao2', 'bao2@yahoo.com', '$2y$10$me1ggMog.zBq2zjTA9VIH.4/rUeIRArAsC2i6Kp0u0/lWZMh9BwEW', '314051e7f8', '2018-10-30 11:28:44', '', '0000-00-00', 0, ''),
(4, '5bd7de5edb4bd0.64357035', 'du', 'du@yahoo.com', '$2y$10$zqqYoS0hNXVxiPT.45gxket1iQHw3NwbKRJd7w4ow9xL4MqvP9dNy', '767483c4c8', '2018-10-30 11:30:23', '', '0000-00-00', 0, ''),
(5, '5bd7e3e5bd9ab7.01232444', 'huhu', 'huhu@yahoo.com', '$2y$10$rHIEqJffPbh6fFBdgPS3TOvCL4SY.Xt9c6FmmCXp0eDoxxRfMhrxS', '6622d41b64', '2018-10-30 11:53:57', '', '0000-00-00', 0, ''),
(6, '5bd7e428aeb212.03488774', 'hihi', 'hihi@yahoo.com', '$2y$10$lbkj2Fste/bTakPSMN4H1OJxo3Ehi/hHWfji62n90pxDGno96NNSm', '748e48aba7', '2018-10-30 11:55:04', '', '0000-00-00', 0, ''),
(7, '5bd7e4d1acb533.79182539', 'ty', 'ty@yahoo.com', '$2y$10$ntoXEMbI./Ki4EJfKb2TkOiWf5CcBBWgMU4DSDJwrsRNyS1QyXCFy', 'c72739cf95', '2018-10-30 11:57:53', 'http://192.168.1.4:8888/dbthietbicuahangonline/image/FB_IMG_15349977808021540875622495.jpg', '1991-11-11', 19008198, 'quận 3');

-- --------------------------------------------------------

--
-- Table structure for table `yeuthich`
--

CREATE TABLE `yeuthich` (
  `id` int(11) NOT NULL,
  `masanpham` int(11) NOT NULL,
  `tensanpham` varchar(200) NOT NULL,
  `giasanpham` int(11) NOT NULL,
  `hinhanhsanpham` varchar(200) NOT NULL,
  `motasanpham` varchar(10000) NOT NULL,
  `maloaisanpham` int(11) NOT NULL,
  `sno` int(11) NOT NULL
) ENGINE=InnoDB DEFAULT CHARSET=utf8;

--
-- Dumping data for table `yeuthich`
--

INSERT INTO `yeuthich` (`id`, `masanpham`, `tensanpham`, `giasanpham`, `hinhanhsanpham`, `motasanpham`, `maloaisanpham`, `sno`) VALUES
(1, 52, 'Pin sạc dự phòng Polymer 10000mAh Sony CP-V10B-WC LA\r\n', 990000, 'https://cdn.tgdd.vn/Products/Images/57/169490/sac-du-phong-polymer-10000mah-sony-cp-v10b-wc-600x600.jpg', 'Pin sạc dự phòng Polymer 10.000 mAh của hãng Sony nổi tiếng uy tín\r\nKích thước pin không chiếm nhiều diện tích balo hay túi xách.\r\nDung lượng pin cao cho nhiều lần sạc\r\nSạc đầy được nhiều lần cho điện thoại và máy tính bảng.\r\n\r\nLưu ý: Trong quá trình sạc pin sẽ bị hao hụt khoảng 20% dung lượng.\r\nNgoài ra, bạn cũng có thể dùng cho quạt mini, đèn, tai nghe, loa bluetooth...\r\nSạc lại bằng cáp sạc điện thoại hoặc laptop tùy bạn chọn\r\nBạn có thể dùng adapter sạc hay dây cáp nối với laptop để sạc cho pin.', 4, 1),
(3, 45, 'Máy tính bảng Samsung Galaxy Tab E 9.6', 3990000, 'https://cdn.tgdd.vn/Products/Images/522/73280/samsung-galaxy-tab-e-96-sm-t561-400-400x400.png', 'Samsung Galaxy Tab E 9.6 là một sự lựa chọn cho bạn thích một chiếc máy có màn hình lớn để giải trí thoải mái hơn nhưng cấu hình không quá thấp.\r\nThiết kế với mặt lưng đẹp\r\nMàn hình 9,6” rộng rãi khiến cho thân máy khá to, không thể cầm thoải mái với 1 tay khi sử dụng. Thân máy mỏng chỉ 8.5mm cá tính.\r\nTuy nhiên, trọng lượng chỉ 495g - vừa bằng một thanh socola nhỏ khiến cho máy dễ cầm chắc tay, dễ dàng vận chuyển, lưu động khi sử dụng.\r\n\r\nMặt lưng có các hoạ tiết các chấm nổi vừa tạo điểm nhấn, vừa giúp bạn cầm máy được chắc chắn hơn, hạn chế trơn tay, bám vân tay khi sử dụng.\r\nGiải trí thích hơn\r\nMàn hình lớn 9.6 inch sử dụng công nghệ TFT với độ phân giải chỉ có 1280 x 800 px dàn trải trên một kích thước lên tới gần 10\" thì sẽ rỗ khá nhiều, nhưng vẫn đảm bảo chất lượng trung bình, đem lại nhiều không gian để giải trí cũng như cho công việc riêng của bạn.\r\nHiệu năng ổn định, cấu hình phù hợp\r\nMáy được trang bị bộ vi xử lý 4 nhân, trang bị RAM 1,5 GB, dung lượng bộ nhớ trong 8 GB có thể phục vụ tốt hầu hết các nhu cầu làm việc và giải trí cơ bản.\r\n\r\nMáy không bị nóng khi sử dụng 3G hay chơi video trong thời gian dài. Tuy nhiên đối với 1 số thử nghiệm hiệu năng, chiếc Tablet này cho một kết quả không quá nổi trội so với Tablet tầm trung.\r\nVới bộ nhớ trong 8GB, máy không gây ấn tượng mạnh. Tuy nhiên, nhằm khắc phục điểm yếu này, khe cắm thẻ nhớ đã được tích hợp vào máy, có thể lên đến 128GB bổ trợ.\r\n\r\nMáy có hỗ trợ MicroSim cùng khả năng kết nối 3G tuyệt vời, cho bạn luôn giữ được kết nối với bạn bè và thế giới. Bạn cũng có thể điện thoại, gửi tin nhắn ngay trên chiếc tablet của mình!\r\n\r\nCác tiện ích khi sử dụng\r\nVới mức giá rẻ, hình ảnh được thực hiện bởi camera 5MP khá rõ nét. Tuy màu sắc không được mịn nhưng với những tích hợp chỉnh sửa ảnh, hỗ trợ camera của Samsung, bạn sẽ có những tấm ảnh tuyệt vời!\r\nPin được trang bị cho Samsung Galaxy Tab E 9.6 là loại pin Lithium - Ion với 5000mAh có thể trải nghiệm máy suốt cả ngày mà không phải lo ngại về vấn đề hết pin giữa chừng hay bất tiện mang theo các thiết bị sạc.\r\n\r\nMáy còn trang bị chế độ siêu tiết kiệm pin bằng cách sử dụng bốn mục màn hình tối giản cùng với việc tắt dữ liệu di động khi màn hình tắt, cho phép sử dụng máy với khoảng thời gian đến gần 15 tiếng ở mức 16% pin.', 3, 7),
(4, 44, 'Máy tính bảng Samsung Galaxy Tab A6 7.0\"', 3290000, 'https://cdn.tgdd.vn/Products/Images/522/75693/samsung-galaxy-tab-a-70-1-400x460.png', 'Samsung Galaxy Tab A6 7.0 với thiết kế vẫn mang vẻ truyền thống và cấu hình tốt, khả năng hiển thị cải thiện, cùng kết nối 4G.\r\nThiết kế truyền thống, sang trọng\r\nChiếc tablet này được thay đổi đôi chút so với người tiền nhiệm là Tab A 8.0 với cạnh viền được bo thêm 1 đường cong nhô lên, tạo điểm nhấn khác biệt.\r\nVới thiết kế màn hình chỉ 7.0”, Samsung Galaxy Tab A6 7.0” cho máy có thiết kế nhỏ nhắn vừa tầm tay, có thể cầm và sử dụng thoải mái chỉ với 1 tay.\r\nMỏng nhẹ là một ưu thế của Galaxy Tab A6 7.0 khi tổng trọng lượng 289 g, dày 8.7 mm, dễ dàng để cầm tay. \r\n\r\nMặt lưng máy được ưu tiên với các họa tiết chấm li ti in chìm mang lại khả năng chống trầy, chống bám vân tay và bụi bẩn. Ngoài ra, thiết kế này cũng mang đến một nét cá tính, hiện đại.\r\n\r\nMàn hình ghi điểm\r\nTrang bị màn hình TFT nhưng vẫn cho màu sắc hiển thị đẹp, với khả năng hiển thị 16 triệu màu ở độ phân giải 1280 x 800 pixels trên độ rộng 7 inch với tỉ lệ 4:3 cho không gian nhìn như rộng hơn.\r\nCùng với màn hình cảm ứng điện dung đa điểm, người dùng dễ dàng thao tác bằng tay, với tốc độ phản hồi nhanh chóng, chính xác.\r\n\r\nCấu hình 4 nhân, bộ nhớ thấp\r\nMáy chạy trên nền Android 5.1, bộ xử lí CPU 4 nhân, RAM 1.5 GB cùng ROM 8 GB, máy xử lý các thao tác đa nhiệm hay chơi game ổn định.\r\n\r\nVới các ứng dụng văn phòng được cài đặt, máy cho cảm giác hoạt động ở mức trung bình, có thể đáp ứng được những thao tác cơ bản như thực hiện bảng tính, sao chép,...\r\nBộ nhớ trong 8GB là một điểm trừ của máy. Tuy nhiên, nhằm tạo trải nghiệm tốt nhất cho người dùng, máy được tích hợp khe cắm thẻ nhớ ngoài, bổ trợ thẻ nhớ với dung lượng lên đến 200GB!\r\n\r\nKết nối 3G/ 4G cũng được tích hợp vào máy mang đến sự tiện lợi khi có thể vừa kết nối mọi lúc mọi nơi, vừa có thể kết nối, nhận tin nhắn,...\r\n\r\nCamera chụp ảnh khá\r\nVới độ phân giải 5 MP cho camera chính, máy chụp khá ổn, không thật sự đẹp mắt hay quá chi tiết.\r\nCác tiện ích trong sử dụng\r\nTab A6 vẫn được trang bị khả năng kết nối mạng 4G nhanh khi bạn không thể sử dụng wifi, có thể mở rộng thêm thẻ nhớ lên đến 200 GB và sử dụng 1 sim.\r\nMáy có dung lượng pin vừa đủ dùng là 4000 mAh, tuỳ theo nhu cầu sử dụng của bạn sẽ cho thời lượng sử dụng khác nhau.\r\n\r\nĐể tiết kiệm pin, bạn có thể mở chế độ tiết kiệm bằng cách:\r\n\r\n- Bạn vào cài đặt > pin > chế độ tiết kiệm pin hoặc chế độ siêu tiết kiệm pin.\r\n\r\nSamsung Galaxy Tab A6 7.0 là một thiết kế đổi khác, các tính năng được cải thiện tốt cùng mức giá để bạn dễ dàng sở hữu máy.', 3, 7),
(6, 53, 'Pin sạc dự phòng 15000mAh Xmobile LA Y615N', 850000, 'https://cdn.tgdd.vn/Products/Images/57/156075/pin-sac-du-phong-15000mah-xmobile-la-y615n-anh-dai-dien-600x600.jpg', 'Pin sạc dự phòng Xmobile LA Y615N thiết kế vỏ nhóm chống trầy và trơn tay\r\nDung lượng pin lớn nên kích thước pin cũng lớn hơn nhưng được thiết kế bo gọn hơn, không chiếm nhiều diện tích balo hay túi xách.\r\nDung lượng pin cao cho nhiều lần sạc\r\nSạc đầy được nhiều lần cho điện thoại và máy tính bảng.\r\n\r\nLưu ý: Trong quá trình sạc pin sẽ bị hao hụt khoảng 30% dung lượng.\r\nNgoài ra, bạn cũng có thể dùng cho quạt mini, đèn, tai nghe, loa bluetooth...\r\nSạc lại bằng cáp sạc điện thoại hoặc laptop tùy bạn chọn\r\nBạn có thể dùng adapter sạc hay dây cáp nối với laptop để sạc cho pin.', 4, 7);

--
-- Indexes for dumped tables
--

--
-- Indexes for table `chitietdonhang`
--
ALTER TABLE `chitietdonhang`
  ADD PRIMARY KEY (`id`),
  ADD KEY `KHOANGOAI_MADONHANG` (`madonhang`),
  ADD KEY `KHOANGOAI_MASANPHAM` (`masanpham`);

--
-- Indexes for table `donhang`
--
ALTER TABLE `donhang`
  ADD PRIMARY KEY (`madonhang`),
  ADD KEY `KHOANGOAI_SNO` (`sno`);

--
-- Indexes for table `loaisanpham`
--
ALTER TABLE `loaisanpham`
  ADD PRIMARY KEY (`maloaisanpham`);

--
-- Indexes for table `sanpham`
--
ALTER TABLE `sanpham`
  ADD PRIMARY KEY (`masanpham`),
  ADD KEY `KHOANGOAI_MALOAISANPHAM` (`maloaisanpham`) USING BTREE;

--
-- Indexes for table `users`
--
ALTER TABLE `users`
  ADD PRIMARY KEY (`sno`) USING BTREE;

--
-- Indexes for table `yeuthich`
--
ALTER TABLE `yeuthich`
  ADD PRIMARY KEY (`id`),
  ADD KEY `KHOANGOAI_YEUTHICH_SNO` (`sno`);

--
-- AUTO_INCREMENT for dumped tables
--

--
-- AUTO_INCREMENT for table `chitietdonhang`
--
ALTER TABLE `chitietdonhang`
  MODIFY `id` int(11) NOT NULL AUTO_INCREMENT, AUTO_INCREMENT=6;

--
-- AUTO_INCREMENT for table `donhang`
--
ALTER TABLE `donhang`
  MODIFY `madonhang` int(11) NOT NULL AUTO_INCREMENT, AUTO_INCREMENT=4;

--
-- AUTO_INCREMENT for table `loaisanpham`
--
ALTER TABLE `loaisanpham`
  MODIFY `maloaisanpham` int(11) NOT NULL AUTO_INCREMENT, AUTO_INCREMENT=5;

--
-- AUTO_INCREMENT for table `sanpham`
--
ALTER TABLE `sanpham`
  MODIFY `masanpham` int(11) NOT NULL AUTO_INCREMENT, AUTO_INCREMENT=54;

--
-- AUTO_INCREMENT for table `users`
--
ALTER TABLE `users`
  MODIFY `sno` int(11) NOT NULL AUTO_INCREMENT, AUTO_INCREMENT=8;

--
-- AUTO_INCREMENT for table `yeuthich`
--
ALTER TABLE `yeuthich`
  MODIFY `id` int(11) NOT NULL AUTO_INCREMENT, AUTO_INCREMENT=8;

--
-- Constraints for dumped tables
--

--
-- Constraints for table `chitietdonhang`
--
ALTER TABLE `chitietdonhang`
  ADD CONSTRAINT `KHOANGOAI_MADONHANG` FOREIGN KEY (`madonhang`) REFERENCES `donhang` (`madonhang`),
  ADD CONSTRAINT `KHOANGOAI_MASANPHAM` FOREIGN KEY (`masanpham`) REFERENCES `sanpham` (`masanpham`);

--
-- Constraints for table `donhang`
--
ALTER TABLE `donhang`
  ADD CONSTRAINT `KHOANGOAI_SNO` FOREIGN KEY (`sno`) REFERENCES `users` (`sno`);

--
-- Constraints for table `sanpham`
--
ALTER TABLE `sanpham`
  ADD CONSTRAINT `KHOANGOAI_IDSANPHAM` FOREIGN KEY (`maloaisanpham`) REFERENCES `loaisanpham` (`maloaisanpham`);

--
-- Constraints for table `yeuthich`
--
ALTER TABLE `yeuthich`
  ADD CONSTRAINT `KHOANGOAI_YEUTHICH_SNO` FOREIGN KEY (`sno`) REFERENCES `users` (`sno`);
COMMIT;

/*!40101 SET CHARACTER_SET_CLIENT=@OLD_CHARACTER_SET_CLIENT */;
/*!40101 SET CHARACTER_SET_RESULTS=@OLD_CHARACTER_SET_RESULTS */;
/*!40101 SET COLLATION_CONNECTION=@OLD_COLLATION_CONNECTION */;
